name,tag,avg_cost,description,lat,lon,address,opening_hours,image_url1,image_url2,rating,reviews1,reviews2
Suoi Tien Amusement Park,Fun,160000,"Suoi Tien Amusement Park is an amusement park in District 9, Thu Duc City, Ho Chi Minh City, Vietnam. The park includes several entertainment areas. The landscaping and attractions in the park illustrate Vietnam's history and legends, such as Au Co and Lac Long Quan as well as the Battle of Son Tinh and Thuy Tinh",10.86640752744,106.80324287262,"120 Song H√†nh Xa L·ªô H√† N·ªôi,  T√¢n Ph√∫ Ward, Th·ªß ƒê·ª©c,  H·ªì Ch√≠ Minh City",8:00‚Äì17:00,https://lh3.googleusercontent.com/gps-cs-s/AG0ilSzuIbu-HwdolyoZJFZuEmPm79LLcRbk9wBVOGlaevUw7yO1UMgIaU-9wC-MSbII3SOTk_qIG-NS0UvADNNPFOLOXbo5rMBj5AP0QPF3T_K_WyD0wmItxQQTfo3tDOUEWQZMkTUt=s1360-w1360-h1020-rw,https://xethientri.com/wp-content/uploads/bai-bien-nhan-tao-bien-tien-dong-ngoc-nu-diem-nhan-cua-suoi-tien.jpg,4.3,"Suoi Tien is full of color, fun, and great vibes! The dragon statues, golden temples, and giant mountain face are incredible. The water park is super exciting ‚Äî perfect for a hot sunny day!","Wow what a place! Actually way better than we thought it would be! So so weird, not a single part of this entire park felt normal except for the overpriced and mid food. The rides? Strange, the attractions? Peculiar, the vibes? A little unsettling. And yet all staff couldn‚Äôt be nicer!! Definitely a Vietnam highlight!"
Dai Nam Wonderland,Fun,200000,"Dai Nam Wonderland is a large, family-friendly entertainment and cultural complex in Binh Duong, Vietnam, featuring a mix of modern and traditional architecture. It includes a spiritual area with temples, an amusement park, an open zoo with rare animals, a water park, and a racecourse for various motorsports. It holds several national records for its scale, such as the largest temple, artificial sea, and longest hotel. ",11.04893955658,106.63568355989,"1765A ƒê·∫°i l·ªô B√¨nh D∆∞∆°ng, Ph∆∞·ªùng Hi·ªáp An, Th√†nh ph·ªë Th·ªß D·∫ßu M·ªôt, T·ªânh B√¨nh D∆∞∆°ng",8:00‚Äì16:30,https://cdn.vntrip.vn/cam-nang/wp-content/uploads/2017/11/dai-nam-1.jpg,https://storage.googleapis.com/blogvxr-uploads/2025/10/bff97855-bien-nhan-tao-dai-nam-3-8149785-8628375.jpg,4.5,"Upon my initial awareness of this establishment during my July 2025 visit to Vietnam, I anticipated experiencing the go-karting and other activities offered. Regrettably, upon arrival, the go-karting course was unavailable due to a private booking for a birthday celebration. As a naturally competitive individual, this was a significant disappointment, considering the considerable distance traveled to participate. Inside the park, the available activities were limited, primarily consisting of walking tours of each attraction. ","Huge amusement park/land. We only walk and enjoy the temple, statues, scenery for free (Buddhist). They also have different facilities here (hotel, zoo, etc)"
Dam Sen Cultural Park,Fun,180000,"Sprawling family-friendly entertainment complex with rides, a water park, cinema & zoo.",10.76615800000,106.64083100000,"03 H√≤a B√¨nh Ward 3, District 11, H·ªì Ch√≠ Minh City",9‚ÄØ:00‚Äì18:00,https://r2.nucuoimekong.com/wp-content/uploads/dam_sen.jpg,https://lockernlock.vn/wp-content/uploads/2023/09/2-du-lich-dam-sen.png,4.3,"Dam Sen Water Park brings together a variety of water games, giving you a cool and refreshing feeling, from thrilling games to gentle relaxing games. On hot summer days, coming to Dam Sen Water Park to soak in the cool blue water and participate in water games is truly wonderful.","Located right in the heart of Saigon, Dam Sen Water Park is an ideal destination to cool off, especially on hot days. If you are looking for a place to ""de-stress"" and experience thrills, this is definitely not a bad choice."
Real Escape,Mystery,200000,"Real Escape Room Saigon is a destination you shouldn‚Äôt miss if you‚Äôre passionate about horror-themed games. When you come here, you‚Äôll face chilling mysteries across seven diverse rooms, ranging from thrilling puzzles to supernatural horror and chase-and-torture scenarios. In addition, eerie sound effects and haunting visuals create intense and unforgettable moments throughout the experience.",10.77061934621,106.67071960849,"662/3 S∆∞ V·∫°n H·∫°nh,  12 Ward, District 10 , H·ªì Ch√≠ Minh City",9:00‚ÄØ‚Äì22:00,https://www.elle.vn/wp-content/uploads/2024/06/13/592273/IMG_1375.jpg,https://cdn.xanhsm.com/2025/05/1dae1191-real-escape-sai-gon-17.jpg,4.9,Beautiful investment playroom. The puzzles are a bit difficult. The staff are lovely and supportive.,"The experience was so fun, but a bit difficult!!! The dark ritual was really difficult, it was mind-blowing. We asked the staff for many hints but we could only solve one code üò≠. The staff was enthusiastic and cute."
Mind Escape,Mystery,190000,"Mind Escape Room Saigon can be considered an ideal thrill-seeker entertainment spot in Ho Chi Minh City. With a library of 1,500 puzzles from easy to difficult and professional NPCs, players are drawn into a mystical setting featuring rich storylines and lifelike props. The refined sound and lighting effects, along with attentive customer service, further enhance the enchanting experience that Mind Escape offers.",10.79065214360,106.64782944711,"204-206 V√µ Th√†nh Trang, Ward 11, T√¢n B√¨nh District, H·ªì Ch√≠ Minh City",09:00‚Äì00:00,https://media-cdn.tripadvisor.com/media/attractions-splice-spp-674x446/06/73/12/c5.jpg,https://lh3.googleusercontent.com/geougc-cs/AMBA38tuPr2gd68UJYy332lrHw-e3NZSi3Izm3k0pzp62GZ8lpa_jiw0RoZZE0Es8ifTVeev1-z7umeGRq_TcuUuy9miDxMVRgvaGq-lcjygC_Hajb-CItBOEDoTKDK4hy8RwR7ZntNrmqM5dBc=s1738-w1590-h1738-rw,4.9,"From the parking attendants to the department staff, everyone is enthusiastic, friendly, and extremely cute. My group played the Blood Kiss room, which had a well-built plot, setting, and hints. If we have the chance, we will experience other rooms too ü´∂üèª","From the moment we stepped inside, we were completely immersed in the story. The atmosphere, set design, and attention to detail were outstanding‚Äîevery corner felt like part of a real adventure. The puzzles were clever, challenging, and so satisfying to solve. Nothing felt random; each clue connected beautifully to the theme, which made every breakthrough extra exciting."
Archery Club - Youth Cultural House ,Active,80000,"The club features an indoor range designed to be sturdy, open, and safe, providing a suitable environment for beginners, office workers, and archery enthusiasts. Visitors will find English-speaking coaches, modern equipment, and a community that supports learning and practice at a comfortable pace.",10.78238638085,106.69762570849,"35 Nguy·ªÖn Th·ªã Minh Khai, B·∫øn Ngh√©, Qu·∫≠n 1, Th√†nh ph·ªë H·ªì Ch√≠ Minh",09:00‚Äì20:30,https://cdn.xanhsm.com/2025/01/8ab32a72-ban-cung-quan-1-5.jpg,https://encrypted-tbn0.gstatic.com/images?q=tbn:ANd9GcSANaoSX6B7gW6nu2QVwQEMyAGUSEoE_kheMuQh89ZcsUQWIKacdV6to23uaNbNkiRICWE&usqp=CAU,4.8,"I went there a long time ago, but just now I'm reviewing. As for the ticket price, I don't remember anymore, but for comparison, the additional location instructions, I remember, were reasonable, so there's a video of me shooting archery :)) The guys/girls at the club are very friendly, they support me immediately if I have any questions or problems.","Very fun place to try archery! Price is incredibly reasonable and can play for segments of 30 minutes. Very safe and controlled environment. Stay are very friendly, speak English and guide you on the correct form and how to improve your technique for beginners."
CLB B·∫Øn Cung Galaxy - Galaxy Archery Club,Active,80000,"Galaxy Archery Club offers an open, green, and airy outdoor space suitable for first-time players, groups of friends, and companies organizing team-building activities. Our team of enthusiastic instructors provides technical guidance and ensures safety with full protective equipment. Come and experience archery ‚Äî an exciting sport waiting for you!",10.77634568384,106.69223558075,"55 Nguy·ªÖn Th·ªã Minh Khai, Ph∆∞·ªùng B·∫øn Th√†nh, Qu·∫≠n 1, Th√†nh ph·ªë H·ªì Ch√≠ Minh",09:00‚Äì21:00,https://encrypted-tbn0.gstatic.com/images?q=tbn:ANd9GcT1fCU6en2PATc8CRBslKoljQkco6z9FIVHKQ&s,https://cdn.xanhsm.com/2025/01/93f7972f-ban-cung-quan-1-7.jpg,4.8,"The archery range is quite wonderful. Here, the staff carefully guides the basic operations and safety instructions when using bows, arrows, and how to hold the bow and arrow, so it is quite safe for beginners. There are about 5-6 shooting targets.","Spacious shooting area, friendly staff, enthusiastic instructions, bows are not too heavy, suitable for both men and women. Price 80k/hour is also suitable for trying out."
Tr·∫ßn Quan Brothers Archery Club,Active,60000,"At Tran Quan archery club, anyone can participate archery with price as low as 60.000VND/hour, include bow and arrows, a personel to teach you who is friendly and professional! If you're nearsighted, physical disabled, they are always welcome!",10.78540402868,106.67767284028,"946 Tr∆∞·ªùng Sa, Ph∆∞·ªùng 12, Qu·∫≠n 3, Th√†nh ph·ªë H·ªì Ch√≠ Minh, Vietnam",08:30‚Äì21:00,https://lh3.googleusercontent.com/p/AF1QipOuygSgJr-X-t7KS2ERUG-Aoqm2ZB1EAA8LpUI=s1360-w1360-h1020-rw,https://baodongkhoi.vn/image/fckeditor/upload/2022/20220927/images/xa%20thu2.jpg,4.7,"The staff is quite enthusiastic in guiding about safety rules and how to shoot archery. Ticket price is 80k/person/hour. Suitable for hanging out with a group of friends on the weekend to relieve stress. A quite interesting experience in Saigon. The parking lot has a security guard watching over it and charging a fee, so it is very safe. You should come and experience it.","The space is okay, the price is also relatively cheap 80k/hour, the staff is polite and enthusiastic, but the problem is that it is located in a school campus that is under construction so it is a bit messy, and there are dogs here so there is a rather unpleasant stench üò•"
The Warehouse Billiards,Fun,59000,"The Warehouse Billiard is a recreational space designed for people who enjoy spending time around the pool table‚Äîwhether casually or as part of a regular hobby. The club is set in a converted warehouse-style interior, giving it an open, industrial atmosphere. Players can find multiple well-maintained tables, comfortable seating areas, and a laid-back environment suitable for both small groups and individuals. It serves as a place where visitors can practice their shots, unwind after work, or simply enjoy the social side of billiards in a relaxed setting.",10.77874322568,106.66314637116,"62 ƒê. ƒê·ªìng Nai, Ph∆∞·ªùng 15, Qu·∫≠n 10, Th√†nh ph·ªë H·ªì Ch√≠ Minh",9:00-3:00,https://bidaviet.net/imagesclub/93.TheWarehouseBilliard/2.jpeg,https://static.where-e.com/Viet_Nam/The-Warehouse-Billiards-Bida-Qu-N-10-Bida-Pool_819717e46f7e6914a18f05749b0af1fc.jpg,4.8,"The shop is spacious and comfortable, the staff is also cute, I find the drinks and food delicious, I've played here from first year to third year. I find it reasonable, the cue table is also ok, everyone should come and try it üòçüòç","I had the opportunity to visit the 5-star billiards club on the weekend and was really impressed with the experience here. The club is designed in a modern, spacious, airy and clean space. The billiards table system meets standards, the table surface is flat, the ball is new and the cue is complete, suitable for both professional players and beginners."
Cowboy Billiards,Fun,70000,"Cowboy Billiards Club offers a spacious, relaxed setting designed for both beginners and seasoned players. Whether you're dropping by with friends, practicing your skills, or planning a casual company gathering, the club provides a comfortable and welcoming atmosphere. Knowledgeable staff are always available to guide you through the basics and ensure you have the right equipment. Come and enjoy cowboy billiards ‚Äî a uniquely fun and engaging game waiting for you!",10.78178348476,106.67674101840,"274 C√°ch M·∫°ng Th√°ng T√°m, Ph∆∞·ªùng 9, Qu·∫≠n 3, Th√†nh ph·ªë H·ªì Ch√≠ Minh ",09:00‚Äì03:00,https://encrypted-tbn0.gstatic.com/images?q=tbn:ANd9GcQup68ZM6DaeDIop4JsKOzF3teWeAXtruADwQ&s,https://encrypted-tbn0.gstatic.com/images?q=tbn:ANd9GcS6goaUXbdCTR2wFSqvrOerfQogoj0nJBCYzKgtT7mZNhnL_s3gqfD5FuT3zDTSw40siS4&usqp=CAU,4.6,"New shop, everything is clean and tidy. Very good price if you play before 2pm every day and Yfen Carbon is free. Recommend for those who like to play in the morning","The staff attitude is very bad, the others are normal, there is only 1 female staff, slightly messy yellow hair. The attitude is obvious from the time of arranging the marbles to calling for the bill, when asked about the bill, they did not explain but had a frowning attitude, very unpleasant, really need to review the attitude."
CYBER VINGAME,Fun,30000,"CYBER VINGAME is a gaming lounge in Ho Chi Minh City, Vietnam, known for its modern setup and customer-focused services, including high-end computers, a separate smoking room, and a diverse food and drink menu",,,,All Day,https://toplist.vn/images/800px/cybercore-vingame-1378657.jpg,https://cybercore.vn/wp-content/uploads/2019/10/GPM_8288.jpg,,,
Zoo & Botanical Gardens.,Nature,60000,"Th·∫£o C·∫ßm Vi√™n is an amusement park in Ho Chi Minh City, established in 1864, and it attracts many visitors, especially families with young children. Covering 20 hectares, it houses more than 125 rare animal species and 900 plant species. It is not only a sightseeing destination but also a place for relaxation, recreation, and exploring the unique culture and history of the city.",10.78168204436,106.66293091135,"2 Nguy·ªÖn B·ªânh Khi√™m, Ph∆∞·ªùng S√†i G√≤n, Qu·∫≠n 1, Th√†nh ph·ªë H·ªì Ch√≠ Minh",07:00‚Äì17:30,https://media-cdn-v2.laodong.vn/Storage/NewsPortal/2023/3/16/1158477/IMG_8725-2.jpg,https://media-cdn-v2.laodong.vn/Storage/NewsPortal/2021/9/26/957604/P2150423-01.JPG,4.3,"Saigon Zoo and Botanical Gardens is one of the most beautiful and peaceful places to visit in Ho Chi Minh City. I really enjoyed my time here. The area is full of green trees, colorful flowers, and many different kinds of animals. It‚Äôs a very nice place for walking, relaxing, and taking good photos. The garden is clean and well organized, and the staff take care of the area properly.","There are many kinds of animals in this zoo, and the entrance fee is also reasonable. In particular, there are French baboons, crocodiles, giant pandas, and many other species that we have never seen in person. You can see them on this phone. I spent an hour with my family to enjoy the animals, but I still haven't seen everything. You can spend more than an hour or half a day in this zoo to see all the places. Some places are still being renovated and better organized."
Timezone AEON Mall Tan Phu Celadon - Arcade Games & VR,Fun,100000,"Located inside AEON Mall T√¢n Ph√∫ Celadon, Timezone offers a vibrant, modern arcade experience where visitors of all ages can unwind and have fun. The venue features a wide selection of interactive games‚Äîfrom classic arcade machines and claw catchers to high-energy racing, rhythm games, and competitive shooters.

Timezone also includes immersive VR attractions, giving guests the chance to dive into virtual worlds and experience thrilling adventures with friends or family. With bright visuals, friendly staff, and a spacious layout, it‚Äôs an easygoing destination for quick entertainment, weekend outings, or group activities.",10.80096203210,106.61593716717,"Aeon Mall, 30 ƒê. T√¢n Th·∫Øng, S∆°n K·ª≥, T√¢n Ph√∫, Th√†nh ph·ªë H·ªì Ch√≠ Minh",09:00‚Äì22:00,https://static.where-e.com/Viet_Nam/Timezone-Aeon-Mall-Tan-Phu-Celadon-Arcade-Games-Vr_f9f048c0e98d3bc5e1bbbbb84e045532.jpg,https://aeonmall-review-rikkei.cdn.vccloud.vn/public/wp/16/promotions/4103d4f7-8afd-4353-80e9-7d8ae20aa077.jpg,4.9,"I am a victim of Timezone addiction ü•π
Today, I ""accidentally"" stepped into Timezone Aeon Tan Phu 3rd floor again ü•π but this time I was extremely satisfied because I was able to pick up a teddy bear, roll a tower of coins and was taken care of by the staff very enthusiastically, especially Alex, super cute and handsome üíØüíØ 100 points without any butü´µüèΩ
A small wish at the end of the line, I think Timezone should diversify more types of gifts, big and small, more ""realistic"" so that customers have more choices, because I played and exchanged gifts but almost opened a teddy bear factory, so the next few times I played, I didn't know what to exchange for more ü´†ü´†","Diverse and super attractive game machines, diverse redemption gifts and super cool promotional packages, in addition, there is Murphy to support enthusiastically"
Panda Game Center,Fun,75000,"Panda Arcade Game is a lively play zone designed for quick, casual fun. Featuring a mix of classic arcade machines, skill-based games, and colorful prize counters, it offers an easygoing environment where players of all ages can enjoy friendly competition. Bright visuals, approachable gameplay, and a relaxed atmosphere make it a fun stop for families, students, and anyone looking to unwind for a moment.",10.76436765243,106.68308396193,"235 Nguy·ªÖn VƒÉn C·ª´, Ph∆∞·ªùng Nguy·ªÖn C∆∞ Trinh, Qu·∫≠n 1, Th√†nh ph·ªë H·ªì Ch√≠ Minh",09:30‚Äì21:30,https://scontent.fsgn8-4.fna.fbcdn.net/v/t39.30808-6/540668744_122140681952834825_6509493815314809136_n.jpg?stp=cp6_dst-jpg_tt6&_nc_cat=105&ccb=1-7&_nc_sid=833d8c&_nc_eui2=AeFtbTGmSrljsiRtUwmR6XtARITFpVO5DglEhMWlU7kOCQSnccKXimGcXMNLvtuwebkJ0J7TmzNBpo6gIBEVhzyy&_nc_ohc=INLNlHnDMzUQ7kNvwHcYNYP&_nc_oc=AdlSq4s4CdrSYVT4gbsbyG2fy2bN82pBXx-95XSe6KhZmsnddcsNw31L13fnSLChx6c&_nc_zt=23&_nc_ht=scontent.fsgn8-4.fna&_nc_gid=qN_Erf2gX__Xn6NWGkT2jw&oh=00_AfgyVCfFJKevEMCLh4sTs-KrtAfvKAOJX_ZHcgKA0VFQ_g&oe=692887C2,https://encrypted-tbn0.gstatic.com/images?q=tbn:ANd9GcRxnfihdUorUU2Q8FmYSXhKK57B-lIyNyPUJA&s,4.4,"Modern playground, cute staff, super easy to win bonuses
Panda has many preferential programs for customers
I really like to bring my lover here","Very cool! I like it a lot! I've been here multiple times and everytime has been fun! The staff has been very helpful and nice.
"
Vincom Ice Rink,Active,195000,"Vincom Ice Rink ‚Äì a super popular ice-skating destination in Saigon, and a top choice for anyone wondering ‚Äúwhere to go in Saigon.‚Äù With an area of 2,002 m¬≤, it is the largest indoor ice-skating rink in Vietnam, accommodating up to 250 guests per session. All equipment and materials are imported from Europe, offering visitors an international-standard ice-skating experience.",10.79525891686,106.72190719315,"T·∫ßng h·∫ßm B1 Landmark 81, s·ªë 720A ƒêi·ªán Bi√™n Ph·ªß, TP. HCM",09:30‚Äì22:00,https://static.vinwonders.com/production/vincom-ice-rink-phu-hop-voi-nhieu-lua-tuoi.jpg,https://static.vinwonders.com/production/khu-truot-bang-an-toan-o-sai-gon.jpg,3.5,"Tickets to enter the ice rink are sold at 10am on Saturday and Sunday. The ticket checkers are cute. The 10am shift is quieter and more enjoyable. The ice rink is quite cold so you need to wear warm clothes. You will fall a lot when you first start, so you need to hire a seal to help you move. There are stands next to it to sit and watch, which is also very convenient. Buy tickets at the counter for convenience. There are many forms of payment so you can rest assured.","The ticket slots announced on the website and the actual ones are not the same. I arrived late for my intended slot, but had to wait 1.5 hours to join the next slot. Even though I agreed to play less, the staff said there were no shoe sizes available. Overall, it was inconvenient, and the stadium should have updated the ticket slot times."
Galaxy Parc Cinema,Fun,76000,"Galaxy Park Mall Cinema ‚Äì one of the hottest movie theaters in Saigon and a top choice for anyone looking for a place to relax on the weekend. Featuring state-of-the-art screening rooms, international-standard large screens, and immersive sound systems, Galaxy delivers a vivid and breathtaking movie-watching experience. With spacious halls, comfortable seating, and friendly service, every visit becomes a perfect, relaxing escape for movie lovers of all ages.",10.74053165838,106.67873463917,"549 ƒê. T·∫° Quang B·ª≠u, Ph∆∞·ªùng 4, Qu·∫≠n 8, Th√†nh ph·ªë H·ªì Ch√≠ Minh",8:30‚ÄØ‚Äì22:30,https://cdn.galaxycine.vn/media/2024/10/1/parcmall-2_1727752246198.jpg,https://cdn.galaxycine.vn/media/2024/10/1/parcmall-3_1727752238566.jpg,4.1,"What a unique movie theater experience for kids! They even have a playground both inside and outside the theater, which makes it extra fun. My 5-year-old absolutely loved it and didn‚Äôt want to leave. It‚Äôs such a perfect spot for families with kids, but I also noticed some people there without kids enjoying the vibe too‚Äîhaha. Highly recommended for a fun and different movie outing!","Modern cinema area with relatively reasonable prices on the market. Here I find the combo of 02 sweet corn and 03 soft drinks for only 149k is very reasonable.Especially here there is a separate cinema room for families which also has a play area right in the cinema. When buying tickets for this cinema, children can play 30 minutes before the movie and 30 minutes after the movie, very interesting and suitable for families taking children to the movies."
CGV Vincom Phan VƒÉn Tr·ªã,Fun,110000,"CGV Cinema ‚Äì one of Saigon‚Äôs most popular entertainment spots, and a top pick for anyone searching for a premium movie-watching experience. With advanced projection technology, crystal-clear screens, and dynamic surround sound, CGV delivers cinematic quality that meets international standards. Its spacious theaters, signature comfortable seating, and diverse concession options create a relaxing, high-end atmosphere‚Äîperfect for movie lovers, families, and friends looking to enjoy a memorable outing.",10.82744046238,106.68930315368,"12 ƒê. Phan VƒÉn Tr·ªã, Ph∆∞·ªùng 5, G√≤ V·∫•p, Th√†nh ph·ªë H·ªì Ch√≠ Minh",8:30-23:30,https://i.imgur.com/sxsKmsP.jpg,https://statics.vincom.com.vn/vincom-tttm/gioi_thieu/anh_bai_viet/VC-Phan-Van-Tri.png,4.3,"The cinema is located on the top floor of Vincom Phan Van Tri. I sometimes come here to watch movies. I usually book tickets online, go to the cinema to get the tickets and buy drinks. I don't really like eating corn so I rarely order corn, just drinks. The staff here are okay and cheerful.","The quality of the movies is still ok, but the staff here is not very ok. The last time I went to see them, they had a double day today so I got free popcorn. When I bought the ticket and asked, the staff suddenly looked down and asked another person to come out to serve me. The other female staff asked for the member's phone number, I read it 2, 3 times and she still pressed the wrong number and asked again, I just laughed it off. The theater here doesn't have a ticket checker, when I entered the theater, there were 2 other people who wanted to sit in row G with us, and they sat in seat number 9 that we just bought. These are the comments, if I want to come back to this branch next time, I will have to consider."
Saigon Sniper,Active,100000,"Saigon Sports Shooting Club: A place that ignites passion for sports and hones essential skills.
The Saigon Sports Shooting Club (Saigon Sniper) was founded in 2012 by Mr. L√™ H·∫£i V≈©, a veteran who once fought on the V·ªã Xuy√™n battlefield. Born from his wish and determination to make shooting sports more accessible to the public, Saigon Sniper has gradually established its position on the map of Vietnamese sports",10.78835238146,106.70368915183,"25 Nguy·ªÖn B·ªânh Khi√™m, B·∫øn Ngh√©, Qu·∫≠n 1, Th√†nh ph·ªë H·ªì Ch√≠ Minh",8:00-22:00,https://theme.hstatic.net/200000670695/1001256008/14/img_banner_bottom_desktop_1.jpg?v=255,https://encrypted-tbn0.gstatic.com/images?q=tbn:ANd9GcT20_FNvIK-__ALuPDmy2w8WWi2mEK_V2gWnw&s,4.6,"District 1 branch is suitable for playing experience. Price is calculated by hour + bullet purchase fee.
The staff is enthusiastic. You should book in advance because there are not many places. There are 3 types of guns: classic, advance and sport. If you are new to the game, you should choose advance because it is much lighter. Overall, it is not too difficult. If you want to learn, there is only Binh Thanh district branch.",The staff was super friendly and helpful. I really ·∫πnoyed my time there. I would definitely recommend if you want to waste some time and have fun in the process. And it's nice to get a little competitive with a friend. Will definitely revisit in the future.
,Active,100000,"Saigon Paintball Club ‚Äì where adrenaline meets strategy and teamwork. Established to bring the thrill of paintball to enthusiasts of all levels, the club offers a safe, well-equipped environment for players to challenge themselves and enjoy fast-paced action. With diverse arenas, professional gear, and experienced staff, every game hones tactical skills, sharpens reflexes, and provides an unforgettable adventure for friends, families, and teams seeking an exciting escape from the everyday.",10.76837688939,106.65295886717,"2B ƒê. L√™ ƒê·∫°i H√†nh, Ph∆∞·ªùng 15, Qu·∫≠n 11, Th√†nh ph·ªë H·ªì Ch√≠ Minh",8:00-17:00,https://carmelinaresort.com/wp-content/uploads/2019/01/calendar_05-1024x683.jpg,https://media-cdn.tripadvisor.com/media/photo-s/05/07/fe/92/paintball-saigon.jpg,4.5,"10 points, we just filmed a video for the subject and played at the same time, the school yard is spacious, about 250k/person, the support staff are very enthusiastic, even though it was past opening hours, he still stayed with us. We will come back if we have a chance üî•üî•","The experience was great, fun to play, enthusiastic and friendly staff, will come back to experience other game rules."
"MEGABOWL
",Active,375000,"Megabowl is equipped with a modern bowling system and a unique atmosphere that will give you the feeling of competing like a professional athlete. Additionally, you can meet, socialize, and connect with people who share the same passion. Furthermore, Megabowl frequently organizes weekly tournaments, creating a playground for bowlers to interact, test their skills, and compete with each other.",10.77394964785,106.76207782024,"125 ƒê. ƒê·ªìng VƒÉn C·ªëng, Ph∆∞·ªùng Th·∫°nh M·ªπ L·ª£i, Th·ªß ƒê·ª©c, Th√†nh ph·ªë H·ªì Ch√≠ Minh",10‚ÄØ:00‚Äì23:00,https://lh3.googleusercontent.com/proxy/M6kYT2kd_2GXEAjFF9ezf0jJ1UeOvyxDpph3Gom7nojqIW1bk1zlKOnkd0p9RJ54scxtYWI-XzQYrMBqUG03vlLxme1iedQzAgP9hmoC3JYnPm7-Pmh5_x_IQuuybTubCh-Zqg_5bvMb2Q_TKGRbGKI72wXRXGiwQc5K,https://lh3.googleusercontent.com/proxy/W9uCpK3Q9JnbWmo-WhIRPw6VtiC_goQLrsGNMwvI0NpICRk4Byw7TeD1pBfy6mj6kXxFtcLUZOGN4F2p9rbj3pt7uYqD6TAogb46lAjXirsEnHK5xm2x,4.3,"Spacious, cool space, playground with many lines so you don't have to wait long, even on weekends. Balls and shoes are prepared, support staff is quite fast and polite. The machine system operates stably, rarely has errors, the overall playing experience is very good.","The floor is beautiful and classy but quite crowded at night, you should book in advance to avoid waiting, the staff is friendly!! Will come back ü•∞"
JP BOWLING & GAME CENTER,Active,350000,"With excellent lane quality, spacious environment, and dedicated service, the Bowling area at Jazzy Paradise on the 6th floor of Gigamall Shopping Center has long been a favorite destination for many indoor sports enthusiasts.",10.82817486044,106.72214932214,"240 ƒê. Ph·∫°m VƒÉn ƒê·ªìng, Hi·ªáp B√¨nh Ch√°nh, Th·ªß ƒê·ª©c, Th√†nh ph·ªë H·ªì Ch√≠ Minh",9:00-22:00,https://jpcenter.com.vn/wp-content/uploads/2022/05/272448186_336277295018098_6538522612308190340_n.jpg,https://gigamall.com.vn/data/2019/09/05/17491921_Trung-t%C3%A2m-th%C6%B0%C6%A1ng-m%E1%BA%A1i-GIGAMALL-JP-BOWLING-GAME-CENTER-2.jpg,3.9,"The playground is interesting, the children can play and learn about science quite well. Spacious, clean and beautiful colors. However, some items are faulty and broken so the experience is not complete. Hope next time will be better.","The space of JP Bowling & Game Center is moderate, not too large but still enough for groups of friends and families to come and have fun. The layout is neat, the areas are clearly divided between bowling and video games. The lighting is quite modern, creating a dynamic feeling but sometimes a bit noisy when crowded."
Powerbowl 388 Pandora,Active,42000,"POWERBOWL is a multi-functional entertainment complex, offering various types of entertainment including a Bowling Zone, Electronic Games, and a Kids‚Äô Play Area. POWERBOWL meets the recreational needs of all ages. We are committed to providing customers with a modern and civilized entertainment environment, along with dedicated and attentive service.",10.80681451633,106.63433375093,"1/1 ƒê. Tr∆∞·ªùng Chinh, T√¢y Th·∫°nh, T√¢n Ph√∫, Th√†nh ph·ªë H·ªì Ch√≠ Minh",9:00-22:00,https://encrypted-tbn0.gstatic.com/images?q=tbn:ANd9GcQBikEiyOMmcwqRj9M4o8xpU5R2yjGrLybQkA&s,https://encrypted-tbn0.gstatic.com/images?q=tbn:ANd9GcSn1bo9Q6wU2cQ5YBcMkQRUnhrniKyDNd9ErA&s,3.4,"The game area is spacious, with many interesting games and easy to win tickets to exchange for gifts, the gifts are diverse and refilled a lot. My child really likes it.",The entertainment area is suitable for both children and adults with many interesting and diverse games. Helps the weekend become more connected between friends and family.
"Inside Xcape Room
",Mystery,289000,"Inside Xcape is one of the most established names when it comes to escape rooms in Ho Chi Minh City. Operating since 2015, it has built a reputation for realistic sets and puzzles that hit the sweet spot between fun and challenging.",10.79263266012,106.67281120489,"240 Nguy·ªÖn ƒê√¨nh Ch√≠nh, Ph∆∞·ªùng 11, Ph√∫ Nhu·∫≠n, Th√†nh ph·ªë H·ªì Ch√≠ Minh",8:00-23:00,https://1phutsaigon.vn/wp-content/uploads/2022/09/IXR-am-hon-4.jpg,https://cdn.xanhsm.com/2025/03/93f27815-inside-xcape-room-1.jpg,4.9,"Played zone4 twice and still haven't solved it, I feel like a rookie.
The first time I went, the equipment was broken a lot, the walkie-talkie was broken, the cabinet was broken so it took a lot of time to play. The second time was a bit better. If you can't solve it, the staff will give you hints to solve the puzzle. The room is quite small so about 6-8 people are good, too few is scary but too many are crowded.
Overall, it was an interesting, stimulating experience, with actions and thinking, I hope everyone has a fun experience!
The downside is that it's in an alley and a bit difficult to find the way.",The guys at Inside 10 points don't have any but. Thank you guys for enthusiastically supporting me in wishing my friend a happy birthday =))) The whole group was sitting there solving puzzles and then got to sing happy birthday to everyone.
The Golden Dragon Water Puppet Theater,Fun,332000,"The Golden Dragon Puppet Theater is Ho Chi Minh City‚Äòs largest venue dedicated to water puppetry, with comfortable seating for 200 spectators. To ensure that the audience has an unforgettable time, the facility also equips state-of-the-art lighting, audio, and set design on stage.
",10.77643360386,106.69273871056,"55B Nguy·ªÖn Th·ªã Minh Khai, Ph∆∞·ªùng B·∫øn Th√†nh, Qu·∫≠n 1, Th√†nh ph·ªë H·ªì Ch√≠ Minh",17:00- 20:45,https://media.tacdn.com/media/attractions-splice-spp-674x446/06/74/2f/d8.jpg,https://dynamic-media-cdn.tripadvisor.com/media/photo-o/0f/05/0e/f9/caption.jpg?w=1200&h=-1&s=1,4.4,"The show was very interesting and full of different little short stories! The music and singing is not in the language we can understand but the movement of the puppets really give off great feel and telling the story! A lot of character and actions don't actually supposed to be in the water though.
I love the fish dance the best! Look absolutely like a real fish splashing around.
Definitely one of a must see for traditional art in Vietnam.","Was amazing. A must go. I dont think you can get this experience anywhere else in the world. Not even in Disneyland. It's a mix of culture, art and some wizardry.. how do they actually synchronise and perform flawlessly. I bought my ticket on Klook. Went there at 5.30. she asked me to come back at 6. So went to highland coffee right opposite. Thn went back at 6. Got a perfect seat. And enjoyed the show. 40mins is kinda long but the show is really entertaining."
Lava Planet,Active,129000,"LAVA PLANET is a Future Space entertainment zone that challenges players' reflexes, stamina, and teamwork through interactive games, and it is currently the number one leading attraction in Ho Chi Minh City.",10.86319955151,106.84959031537,"88 Ph∆∞·ªõc Thi·ªán, Long B√¨nh, Th·ªß ƒê·ª©c, Th√†nh ph·ªë H·ªì Ch√≠ Minh, Vi·ªát Nam",10:00‚Äì21:30,https://thietkelapdatkhuvuichoi.com/wp-content/uploads/2025/07/Tro-choi-San-Dung-Nham.jpg,https://lavaplanet.vn/thumbs/478x563x1/upload/news/pic-473x559-8302.png.webp,,"This is my first time here. The staff was very enthusiastic, explained how to play, showed me how to play in other rooms and even let me try it out. I went with 2 people and played for 15 minutes, but it was like going to the gym, so much fun, everyone should try it.","The game is super fun, only 15 minutes but you run so hard you can't breathe, playing with 2 people is also fun, I haven't played with a group so I don't know if it's more fun. This game is for young people but the price is a bit high, if the owner reduces the price to be more suitable for students, it will probably be more crowded."
Skywalk Climbing,Active,139000,"Experience the thrill of scaling walls in a safe, controlled indoor environment with SkyWalk Climbing.

Designed for all ages and skill levels, SkyWalk offers an exhilarating mix of challenge, fun, and fitness. Our facility features a diverse range of routes, from beginner-friendly climbs to advanced vertical puzzles, ensuring there‚Äôs always a new peak to conquer.",10.80628026504,106.71810008522,"42A H·∫ªm 168 Nguy·ªÖn Gia Tr√≠, Ph∆∞·ªùng 25, B√¨nh Th·∫°nh, Th√†nh ph·ªë H·ªì Ch√≠ Minh",9:00-22:00,https://static.where-e.com/Viet_Nam/Ho_Chi_Minh_City/Skywalk-Climbing_08719464857934b5c2918624e9069d95.jpg,https://encrypted-tbn0.gstatic.com/images?q=tbn:ANd9GcR_D9dIgiSDuv7nTsd1Cl01GRmImnJDkUriHQ&s,5,"Quynh and Mr. Khuong are very enthusiastic, cute and friendly instructors. Today's experience was very fun and comfortable for me. The first time I played this sport, Quynh guided me through Free Climbing very carefully from the climbing level, how to climb correctly, climbing rules... As for Rope Climbing, Mr. Khuong used a laser to show me each step, he was extremely cute.

Oh, and the Rope Climbing part, even though I hadn't reached the top yet, I failed halfway through, the staff comforted me that I must have been exhausted climbing all this time. Is that true, so delicate, if I were a girl I would have ovulated, I swear!!
I will definitely come back next time, thank you and everyone at Sky Walk so much","The staff are enthusiastic, especially Luan, who is very enthusiastic, active, cheerful and gives specific instructions.
Open and cheerful space"
Push Climbing ‚Äì Saigon Outcast,Active,150000,"Welcome to Push Climbing, Ho Chi Minh City's premier indoor climbing gym, dedicated to fostering a strong, supportive, and skilled climbing community.
We are more than just walls and holds; we are a dedicated training facility that empowers climbers of all levels to push their limits, master new techniques, and achieve their vertical goals",10.72904147246,106.71857439140,"101 ƒê. T√¥n D·∫≠t Ti√™n, Khu ƒë√¥ th·ªã Ph√∫ M·ªπ H∆∞ng, Qu·∫≠n 7, Th√†nh ph·ªë H·ªì Ch√≠ Minh",10:00 -22:00,https://dynamic-media-cdn.tripadvisor.com/media/photo-o/17/cd/94/e2/revamped-2019.jpg?w=1200&h=1200&s=1,https://pushclimbing.vn/wp-content/uploads/2022/10/KI8A4817_DN_2048PX.jpeg,4.8,Our team enjoyed the team building event hosted by Ms Uyen and trainer Huy and flexible organizer Ms Minh Phuong. We unlocked the fear of heights safely by joining the games and supported by professional facilities and equipments as well as training though we understand this is just the basic and the easiest game. Highly recommend groups from school to working office to try the game and challenge yourself,"Very good service, reasonable price
Professional and friendly staff,
Fully meet the needs of entertainment and training"
Grand Park,Fun,190000,"Grand Park is an entertainment paradise located within the Vinhomes Grand Park megacity in Ho Chi Minh City. This is an ideal recreational destination, bearing the distinct hallmarks of famous theme parks like VinWonders Phu Quoc and VinWonders Nha Trang.",10.84011485394,106.84562842216,"ƒê∆∞·ªùng Nguy·ªÖn Xi·ªÉn, Ph∆∞·ªõc Thi·ªán, ph∆∞·ªùng Long Th·∫°nh M·ªπ, Qu·∫≠n 9.",6:00-21:30,https://cdn.xanhsm.com/2025/02/c0157227-cong-vien-giai-tri-o-tphcm-3.jpg,,4.8,"It was so much fun, I went early on the weekday so it wasn't crowded. I didn't have to wait in line for long, it was fun, and the ticket price was reasonable. I recommend going with family or friends.","Very nice. If you are in HCMC, you can take advantage of the weekend to come here for a change of pace. The kids will love it. If you have a resident card, the tickets will be much cheaper."
Snow Town,Fun,180000,"The Snow Play Zone, making its debut in Saigon, will bring a completely new and unique experience. Visitors will have the opportunity to enjoy activities such as Skiing, Snow Tubing, building Snowmen, and taking Selfies.",10.77400063015,106.76280911808,"125 ƒê. ƒê·ªìng VƒÉn C·ªëng, Ph∆∞·ªùng Th·∫°nh M·ªπ L·ª£i, Th·ªß ƒê·ª©c, Th√†nh ph·ªë H·ªì Ch√≠ Minh",9:00-19:00,https://dynamic-media-cdn.tripadvisor.com/media/photo-o/11/e9/d4/a5/getlstd-property-photo.jpg?w=1200&h=-1&s=1,https://dynamic-media-cdn.tripadvisor.com/media/photo-o/0f/30/c6/38/kid-playing-in-snow-town.jpg?w=900&h=500&s=1,4.1,"Snow Town has been around for a long time, I came here mainly to avoid the heat and feel the snow, nothing else.
The snow town is quite crowded on weekends, but the staff is enthusiastic so it's still fun.
The highlight of the area is probably the ice slide, the rest of the scenery and check-in area look fake.
The jacket and shoes smell a bit damp.
The ticket price of 180k for both adults and children is quite reasonable.","The indoor playground is located in the apartment complex, ticket price is 160k/adult, ideal place to bring children to play, there are many children here. There are only a few games, mainly skiing on a plastic slide, the area is also small, not many games."
Jump Arena,Active,150000,"Jump Arena is a diverse entertainment complex featuring various physical training activities such as rock climbing, rope ladder climbing, aerial challenges, ninja challenges, and bungee jumping, which are reserved for adults only.

The Jump Arena trampoline park also features a dedicated kids' area with gentler, more relaxing activities like free jump, basketball, dodgeball, and tag, which anyone can join. Nothing is more suitable for a weekend family outing in Saigon than this location.",10.80135725095,106.73605764424,"63 Xa l·ªô H√† N·ªôi, ph∆∞·ªùng Th·∫£o ƒêi·ªÅn, qu·∫≠n 2, th√†nh ph·ªë H·ªì Ch√≠ Minh",9:00-20:00,https://owa.bestprice.vn/images/articles/uploads/top-12-dia-diem-di-choi-o-sai-gon-cuoi-tuan-vui-quen-loi-ve-5f4947918e80c.jpg,,4.2,"Strange game for children to exercise. 140k for a ticket + 50k for a pair of socks. Not crowded, 3 jumping areas but children can only play in 2 areas, the remaining area requires technique. Okay for the children's day off, away from the iPad.","The playground is quite large, children can run and jump comfortably. There is a place to climb, use safety ropes and instructors, the staff are cute.
The entrance ticket is a bit expensive compared to the quality of service provided.
There is a 60-day combo for sale, calculated at 30k/day.
Regular tickets are 100k/ticket for children over 6 years old, I think."
Kart 1,Fun,200000,"With a length of 340m, the Go-Kart track is a sanctuary for speed enthusiasts and supercar lovers, reminiscent of the famous Hollywood movie ""Fast & Furious.""

All go-karts at Kart 1 are the latest equipment imported directly from Germany and feature integrated smart GPS chips to measure lap times and track performance for players. If you are a beginner, you should attend training sessions to get familiar with and try out the different tracks before competing officially with your friends or family.",10.73618628845,106.73034864908,"Hello Park 582/12 Hu·ª≥nh T·∫•n Ph√°t, ph∆∞·ªùng T√¢n Ph√∫, qu·∫≠n 7, th√†nh ph·ªë H·ªì Ch√≠ Minh",15:00 - 21:00,https://owa.bestprice.vn/images/articles/uploads/top-12-dia-diem-di-choi-o-sai-gon-cuoi-tuan-vui-quen-loi-ve-5f4c6bb00e3c5.jpg,https://tripzone.vn/uploads/202104/16/22/103132-b-n-c-ng-c-c-kh-a-hu-n-luy-n-v--k--n-ng--ua-xe-go-kart---ngu-n-internet-.jpg,4.0,"The 340m Go-Kart track at Kart 1 is an absolute sanctuary for speed demons‚Äîit truly delivers that ""Fast & Furious"" feeling! The German-imported karts are top-notch and feel incredibly responsive and professional. We loved the smart GPS chips that accurately tracked our times, making every lap competitive. If you‚Äôre serious about speed and racing quality, this is the place to be. Highly recommend the training session if you're new to karting!","Kart 1‚Äôs 340m track feels like a true racing arena for anyone obsessed with speed and competition. The use of brand-new, German-imported karts with smart GPS tracking is fantastic, adding a professional layer to measuring performance. For beginners, the available training sessions are a massive plus, ensuring everyone gets comfortable before hitting the main race. This isn't just a fun ride; it‚Äôs an authentic racing experience, perfect for challenging friends."
Go Station Space,Active,Free,"Go Station Space isn't just a skatepark‚Äîit's the definitive urban hub where movement, creativity, and speed collide. Inspired by the kinetic energy of a metropolitan transit station, this park is designed to be the ultimate launchpad for riders of all disciplines, from skateboarding and BMX to rollerblading.",10.77702530352,106.71145439325,"ƒê. D5, Th·ªß Thi√™m, Qu·∫≠n 2, Th√†nh ph·ªë H·ªì Ch√≠ Minh 71110",10:00-23:00,https://vanhoaduongpho.com/storage/news/san-truot-ngoai-troi-go-station-skatepark-diem-tu-hoi-moi-cua-cac-van-thu-1740047629.jpg,https://vanhoaduongpho.com/storage/news/san-truot-ngoai-troi-go-station-skatepark-diem-tu-hoi-moi-cua-cac-van-thu_2904.png,4.9,"A great place to relax on the weekend with friends or family. Come and experience it and you will find it wonderful, because you will feel young again and immersed in the atmosphere of youth, the atmosphere is cool and bustling ‚ù§Ô∏è‚ù§Ô∏è‚ù§Ô∏èüáªüá≥üáªüá≥üáªüá≥",
Patin Vietnam Roller Rink & Academy,Active,69000,"With its modern, multi-colored lighting system, vibrant music suited to every style, and a spacious area for you to glide freely, Roller Rink is the ideal Cong Hoa roller skating rink for all ages. From children and groups of young friends to families, this is the perfect place to bond and capture refreshing, fun-filled roller skating moments!",10.80014357375,106.65814202209,"15-17 C·ªông H√≤a, Ph∆∞·ªùng 4, T√¢n B√¨nh, Th√†nh ph·ªë H·ªì Ch√≠ Minh",8:00-22:00,https://posapp.vn/wp-content/uploads/2025/01/khong-gian-Vietnam-RollerRink-Academy-rong-rai.jpg,https://encrypted-tbn0.gstatic.com/images?q=tbn:ANd9GcTTxn0oiHmk3o4mLRN-JQUHANiold87yMlpToAM5C4I6IIomeOuUZjB9CGw-xoJ1q02y5s&usqp=CAU,4.6,"The staff are lovely, they wear protective gear and shoes to help, everyone is friendly and lovely, the ticket price is not too expensive, fun and comfortable.","Large yard, chill music, great staff, very enthusiastic, especially Lan Anh & Chi. I didn't know how to go, the guides guided me well üòò"