location_id,url
1,https://lh3.googleusercontent.com/gps-cs-s/AG0ilSzuIbu-HwdolyoZJFZuEmPm79LLcRbk9wBVOGlaevUw7yO1UMgIaU-9wC-MSbII3SOTk_qIG-NS0UvADNNPFOLOXbo5rMBj5AP0QPF3T_K_WyD0wmItxQQTfo3tDOUEWQZMkTUt=s1360-w1360-h1020-rw,
2,https://cdn.vntrip.vn/cam-nang/wp-content/uploads/2017/11/dai-nam-1.jpg,
3,https://r2.nucuoimekong.com/wp-content/uploads/dam_sen.jpg,
4,https://www.elle.vn/wp-content/uploads/2024/06/13/592273/IMG_1375.jpg,
5,https://media-cdn.tripadvisor.com/media/attractions-splice-spp-674x446/06/73/12/c5.jpg,
6,https://cdn.xanhsm.com/2025/01/8ab32a72-ban-cung-quan-1-5.jpg,
7,https://encrypted-tbn0.gstatic.com/images?q=tbn:ANd9GcT1fCU6en2PATc8CRBslKoljQkco6z9FIVHKQ&s,
8,https://lh3.googleusercontent.com/p/AF1QipOuygSgJr-X-t7KS2ERUG-Aoqm2ZB1EAA8LpUI=s1360-w1360-h1020-rw,
9,https://bidaviet.net/imagesclub/93.TheWarehouseBilliard/2.jpeg,
10,https://encrypted-tbn0.gstatic.com/images?q=tbn:ANd9GcQup68ZM6DaeDIop4JsKOzF3teWeAXtruADwQ&s,
11,https://toplist.vn/images/800px/cybercore-vingame-1378657.jpg,
12,https://media-cdn-v2.laodong.vn/Storage/NewsPortal/2023/3/16/1158477/IMG_8725-2.jpg,
13,https://static.where-e.com/Viet_Nam/Timezone-Aeon-Mall-Tan-Phu-Celadon-Arcade-Games-Vr_f9f048c0e98d3bc5e1bbbbb84e045532.jpg,
14,https://scontent.fsgn8-4.fna.fbcdn.net/v/t39.30808-6/540668744_122140681952834825_6509493815314809136_n.jpg?stp=cp6_dst-jpg_tt6&_nc_cat=105&ccb=1-7&_nc_sid=833d8c&_nc_eui2=AeFtbTGmSrljsiRtUwmR6XtARITFpVO5DglEhMWlU7kOCQSnccKXimGcXMNLvtuwebkJ0J7TmzNBpo6gIBEVhzyy&_nc_ohc=INLNlHnDMzUQ7kNvwHcYNYP&_nc_oc=AdlSq4s4CdrSYVT4gbsbyG2fy2bN82pBXx-95XSe6KhZmsnddcsNw31L13fnSLChx6c&_nc_zt=23&_nc_ht=scontent.fsgn8-4.fna&_nc_gid=qN_Erf2gX__Xn6NWGkT2jw&oh=00_AfgyVCfFJKevEMCLh4sTs-KrtAfvKAOJX_ZHcgKA0VFQ_g&oe=692887C2,
15,https://static.vinwonders.com/production/vincom-ice-rink-phu-hop-voi-nhieu-lua-tuoi.jpg,
16,https://cdn.galaxycine.vn/media/2024/10/1/parcmall-2_1727752246198.jpg,
17,https://i.imgur.com/sxsKmsP.jpg,
18,https://theme.hstatic.net/200000670695/1001256008/14/img_banner_bottom_desktop_1.jpg?v=255,
19,https://carmelinaresort.com/wp-content/uploads/2019/01/calendar_05-1024x683.jpg,
20,https://lh3.googleusercontent.com/proxy/M6kYT2kd_2GXEAjFF9ezf0jJ1UeOvyxDpph3Gom7nojqIW1bk1zlKOnkd0p9RJ54scxtYWI-XzQYrMBqUG03vlLxme1iedQzAgP9hmoC3JYnPm7-Pmh5_x_IQuuybTubCh-Zqg_5bvMb2Q_TKGRbGKI72wXRXGiwQc5K,
21,https://jpcenter.com.vn/wp-content/uploads/2022/05/272448186_336277295018098_6538522612308190340_n.jpg,
22,https://encrypted-tbn0.gstatic.com/images?q=tbn:ANd9GcQBikEiyOMmcwqRj9M4o8xpU5R2yjGrLybQkA&s,
23,https://1phutsaigon.vn/wp-content/uploads/2022/09/IXR-am-hon-4.jpg,
24,https://media.tacdn.com/media/attractions-splice-spp-674x446/06/74/2f/d8.jpg,
25,https://thietkelapdatkhuvuichoi.com/wp-content/uploads/2025/07/Tro-choi-San-Dung-Nham.jpg,
26,https://static.where-e.com/Viet_Nam/Ho_Chi_Minh_City/Skywalk-Climbing_08719464857934b5c2918624e9069d95.jpg,
27,https://dynamic-media-cdn.tripadvisor.com/media/photo-o/17/cd/94/e2/revamped-2019.jpg?w=1200&h=1200&s=1,
28,https://cdn.xanhsm.com/2025/02/c0157227-cong-vien-giai-tri-o-tphcm-3.jpg,
29,https://dynamic-media-cdn.tripadvisor.com/media/photo-o/11/e9/d4/a5/getlstd-property-photo.jpg?w=1200&h=-1&s=1,
30,https://owa.bestprice.vn/images/articles/uploads/top-12-dia-diem-di-choi-o-sai-gon-cuoi-tuan-vui-quen-loi-ve-5f4947918e80c.jpg,
31,https://owa.bestprice.vn/images/articles/uploads/top-12-dia-diem-di-choi-o-sai-gon-cuoi-tuan-vui-quen-loi-ve-5f4c6bb00e3c5.jpg,
32,https://vanhoaduongpho.com/storage/news/san-truot-ngoai-troi-go-station-skatepark-diem-tu-hoi-moi-cua-cac-van-thu-1740047629.jpg,
33,https://posapp.vn/wp-content/uploads/2025/01/khong-gian-Vietnam-RollerRink-Academy-rong-rai.jpg,
34,https://lh3.googleusercontent.com/gps-cs-s/AG0ilSxP288ZOsDtgl4vVEkPkx3W2lyRVnkVudiwBvrM0Tzpml220YBUwar0Al9R1gG6hlNhcy0L_rpdAIJzDsGUqLsd1skOrPX4BEWM1xl1IJVT63JjbSsV0cVvp7HyXZ0I0kOGcB2SAKHaJIvg=w408-h306-k-no,
35,https://lh3.googleusercontent.com/p/AF1QipOgALvNIPmxDme2cJy-dbr1BJCkR7Bih5rlDwux=w408-h544-k-no,
36,https://lh3.googleusercontent.com/gps-cs-s/AG0ilSwpnDi6ccagefMTt1IjTAWR-XH0qqfJN7eCnueRJ_Z_IO3cqrL9cnwKNM_dZgJ5pqyA0z-B5HpL3OzQ7E05oX1zkyiDlLnGQEJPgEGVe9FADYfKq8jVW7ysl-O_B-QYRhfsoiW8WA=w408-h306-k-no,
37,https://lh3.googleusercontent.com/p/AF1QipPbBVpPn02fQUa_RwqVPfO3oGLGLDRi8FFfy31v=w408-h272-k-no,
38,https://lh3.googleusercontent.com/p/AF1QipNrqOe8zK2aiRKdzYyWSSI6w1t6EoUhsFdWJpA=w408-h508-k-no,
39,https://lh3.googleusercontent.com/gps-cs-s/AG0ilSwK2CmIcAVWAKYpAidqEhQx4_jcTTXZ2pPlhuq9h-fb9xx511YuZAvmDpVyg5ywSUcY4v5ajgLWNtGNN-E9NgBfJ9iJwZmQ-gPxWXUDc3rgFIPGbKFovPrZg-kJ3kUTsR4J2dEsyw=w408-h544-k-no,
40,https://lh3.googleusercontent.com/gps-cs-s/AG0ilSw9QyDg4pTS7g7_pKHAgcbsrc4lVBusIj5VroaN5olR_Tbcl2bqxjaL9a3kkNuKLUqYjslqdNw-A5Fly9VYQpmAWx-bfJIxf3X_IwRovmeJ-Y_vwFGphUGW8esHDCCLUZLnVwIr=w408-h306-k-no,
41,https://lh3.googleusercontent.com/gps-cs-s/AG0ilSzjFAnaDWzFEWuRmut0aAH8L7EuBaoVDDi9jJkxsTKakRkURdBn0JgpoaEm9PlTM4GhRRIb1TGI2qE2eoWfg8odp6tjTvQzkMfZOod3e4uNW03tLlg1sgGbDrHIE31mvlcHBMxBk58VSHcQ=w408-h544-k-no,
42,https://lh3.googleusercontent.com/gps-cs-s/AG0ilSwlVBejbKKia41wt8rTh8V6vwOxgT-bzvdABec3PJmu5iqSQmF5eR0Ff6m4hNQNjKVAjhEi1ZMvrcXSutJcqMUYvIZ0A6oenEVmAwsTnjl5PZxnzxTUReEqfN1oichUCVPC04So15jNnaZ_=w408-h544-k-no,
43,https://lh3.googleusercontent.com/gps-cs-s/AG0ilSxK8Ador5HW6xIrOopk_70Fjgn9LVXQ-Nx9hgfsmKafdjYQiynB56bQZhSFUERrWNS1eukV6Dgkwo6pWL0IdxENRQNEvHqPRBmCDjTAXV0X4XRpXxwHsH0p8Sy4NNrMgpMsqdNnbQ=w426-h240-k-no,
44,https://lh3.googleusercontent.com/gps-cs-s/AG0ilSwVdoS4KoTyFVKQ9ttDXOb5j1HZktcLJrMoEUsWfWAJ2hJqxr8cgQ-J-l0IMKk3XUaO1NPwrfQ93Q-X6YOfKwEwjq3wTr3GRSlE3rLoAllppxVEarsiVXolkxr2D3HVVNNb8-olCg=w408-h306-k-no,
45,https://streetviewpixels-pa.googleapis.com/v1/thumbnail?panoid=sRCZcreSIVV1wbh-65pYjQ&cb_client=search.gws-prod.gps&w=408&h=240&yaw=147.37254&pitch=0&thumbfov=100,
46,https://lh3.googleusercontent.com/gps-cs-s/AG0ilSysM157KtRvMgu99aUou84FMUF8_pLAboycGYlXpokQs0p_PFz81o9gLPLLWTejhkkqhoPTRb3wT4_4g7BCuyBLqsVtGCZMDWDroudxIOjsG3CEgfzm8_0dOuFubZ_SJLI1GvZ3=w408-h544-k-no,
47,https://lh3.googleusercontent.com/gps-cs-s/AG0ilSwSFeGfNwJlz7E2L1I9hB4xwvAQ0kLIRnKlAcUcTFSdb_Oj9rvchGVsMzp2g457V37Tfis5HYJ52ZxHTkB0BLooGyzeuOUWcFoYN6-9K8gkE7DBMnr25MyaR7mpBlNt8tEYDMLu1w=w408-h306-k-no,
48,https://lh3.googleusercontent.com/gps-cs-s/AG0ilSyauxGvNVhAtrND8fjbk0fJ2cHHC9wwDBKnD7cTIMzDpx0U1rRmierx9eq8I7NAc9UHP325B9ZvdyoRCRBEhZVI2vkZjKvwIOaORHdC3yxrgFWcJzRmHvhvevwY5DJ5ulKw-DdpM8brw-W7=w408-h544-k-no,
49,https://streetviewpixels-pa.googleapis.com/v1/thumbnail?panoid=eaV5Gr8RYXWjCZc_lly8Lw&cb_client=search.gws-prod.gps&w=408&h=240&yaw=218.79178&pitch=0&thumbfov=100,
50,https://lh3.googleusercontent.com/gps-cs-s/AG0ilSzEBCwRUZKSa73BY9TKrZwPZG4guLWaXN8-pu6oWdfWg1Zb2TAbFn6xOmHQH1E0qHZ1dbV85yNGcbxIuondELLZN9UXYoGsW55nPyhwxGIcZw6LO9i4enjKoNvC99Dp7S_-T5Cc=w408-h544-k-no,
51,https://lh3.googleusercontent.com/gps-cs-s/AG0ilSx7kn3mF3I_mqJZ_C-8QUqp-N5G4fPSnjjwmZ_suKtt0XGgtW6QLYBSFN_mzSldIpcPIpPzHnG4NA-WA4DNL8gGIPN-Ha-LHLIF9yWr0QQPrQwdcVd_p9yvLRdPBT6rbSVuVebH=w408-h306-k-no,
52,https://lh3.googleusercontent.com/gps-cs-s/AG0ilSyVqawFkbax0xoS2tawKw-PwD-nQ21ivZs-_j-gejNcxUfQFS06kvWW-LaUTA0P1hrtiMYeIZ4GLO-Ktr75Js1azzECfXBEjPGhbwCN3SyZl68bHuo_vkWWmXfAm4qR6gJQ8PylQIR2QDF4=w408-h306-k-no,
53,https://lh3.googleusercontent.com/gps-cs-s/AG0ilSzaSCtXqkRf3xdIa39dA6hNgioQifD1IlV47e0RozywcPkUdX06swwaKPbb8kG67JlKxfcSHHs3abixHm3OdY454riMTOLttEuXPYMD9s9k5vqy9RR5PqRp992ebrksL218KkRPyNDRyhVg=w408-h306-k-no,
54,https://lh3.googleusercontent.com/p/AF1QipOx5DZyUb-h5RCuYodwXT9GI6Q4xCqeP9B-n1zL=w426-h240-k-no,
55,https://lh3.googleusercontent.com/p/AF1QipNLOZh4mmzLq5m2mwWzzXh4tQkfymsevM4vxfD3=w408-h612-k-no,
56,https://lh3.googleusercontent.com/gps-cs-s/AG0ilSzaTVsiXPmCdhkqoQwTtvBKldil7BV1qKvPq-lYvOsQhYaenoBi2HNvWueCH06Vz5RmPNK0XDgXhRqAoh_jedgkuJ5DF6lPWzlNwzqsYEvEJHRcFyMVV5fHfqwS8rdKQTP97-6v=w408-h544-k-no,
57,https://lh3.googleusercontent.com/gps-cs-s/AG0ilSxVsJ1KhW3I3kyguzGJz9N_rkY0dhHJR18Bv8xOOjhzXmeNVNo3DR7JN7CmRed6--PBgvRQdBiXnVstLzxYwRpREBcGmpHcO8mTfYLV5za8uGu1aZYdaaaRBB5Nsgpeop3otonCNoX3ZfI=w408-h725-k-no,
58,https://lh3.googleusercontent.com/gps-cs-s/AG0ilSwf5FP1pH3cdX2DvS3Qxn5fT31E1Y8VsUZpsYUMdNLJ2jAwY5ojrq4KeyRDNKOoNy-2SqmWvifjypxRPAdXUwW-FYYF9bE75gN0wFf0v_9vCWYE5iQOTw0xUmT91dmGe_-wjupp0tPd9iQ=w408-h544-k-no,
59,https://lh3.googleusercontent.com/gps-cs-s/AG0ilSzgSRHdfR9SFv8sjvNjB5r9DjMhcqMtYptgu8629Yc431QJvv8FGTs4tMdAOqcLoaPIqnHiHIoK5XAY8oreEEPywgqcZY--JgkHoyB5ai7amefe1Dj0jBhxspyq_ZvxjUfNfJ-Uq-xe-6fa=w408-h544-k-no,
60,https://lh3.googleusercontent.com/gps-cs-s/AG0ilSwgE8Uf_6uAuFrdFMKjMIiua_IPDCmDfZgv6uM2pooaSGCL4E9U0kIiwXV6Hj-gd15r2F3lTVje8iULFg1096YTRAJUh_J91TKtHwGtl9oXp2CU9DTMD1_uKShXQZhAhWWbaUkBHA=w532-h240-k-no,
61,https://streetviewpixels-pa.googleapis.com/v1/thumbnail?panoid=cKu8A7YKbIav_v8r3dksDw&cb_client=search.gws-prod.gps&w=408&h=240&yaw=292.4912&pitch=0&thumbfov=100,
62,https://lh3.googleusercontent.com/gps-cs-s/AG0ilSw2OndMA-cPyZJm7oj5VK-Km_E5Uwew-m4IfbiZ-jYY7kSGG9mD9Z7rbkapBw6y8KUCUV00KjYrfVY2iMJ4yDP4Vc2Z67pDR1OI4iDpf0AtohTuDJeK-kFoKCaKiQQ_D5NZ9zc1aQ=w408-h306-k-no,
63,https://lh3.googleusercontent.com/gps-cs-s/AG0ilSz0i802WdeXAJSuzQpS9CLDPffJtzWKaWEG4eFQmvtH6LA4IRX1ihXEG0lxn2DrDlBhGGkw2JFguOdHkzm7Nl41w49nQfXx_dpoXxw-f2s2cBfFWYr5ghQEcICBJx5hDG4-d1N0y_rohtnT=w408-h408-k-no,
64,https://lh3.googleusercontent.com/gps-cs-s/AG0ilSzFmZReNKqyH4MTT7r5J0vXwff_95A7jwJgpChmr_AUiV36RJ9g7Rh0B7LaB1bry-pN8BjfIXCZagFpY4PWpCyuGriX1Sxb1YIr_XQK66uOdow1hzQtCLYWdt-JEz04-DcOzLU972j9F_cu=w408-h544-k-no,
65,https://lh3.googleusercontent.com/gps-cs-s/AG0ilSyPH1Rfj_DOu-gKP8BaDHZbPCo8YMYaEQ0FFNB7v5HAj7rYBsEVZQIoTBt1voONSGplwRLT0YU79pSln3iQbwA2xddOZ5SizzoVk9TUlQouWOA0OSDTg-WQZgX4HCb1FNLTxspv=w408-h306-k-no,
66,https://lh3.googleusercontent.com/gps-cs-s/AG0ilSwFFB6SFqBpMEUzJ45kRiMlvo3cDlz9RvMaf0aWeJd-AB00PbDXGwfjfM4Aj-5lMdt8bud0G7hBrlrQvTRE1Ebf6Ii8rTxwEF3YrLoDDkZQ_FM8kznoF0K2hC4KtYBbbwcmU6JDhHfvxgYX=w408-h306-k-no,
67,https://lh3.googleusercontent.com/p/AF1QipNJ26vv7y5-_S2jotY0t-EkWw1ap0BQCSON6328=w408-h306-k-no,
68,https://lh3.googleusercontent.com/gps-cs-s/AG0ilSzuIziCbMDX0s1Q2_ZAl57D5US9__eeS86Yd_v8lQ5Z2BZYA7LaSJCQXY1sDPf_Md4heTeilkBvRUnxxzEKfAvrjfk2nbNFRrYsP7InXLMfZKI7LAvr5Xjs-g6KT3Rvo6WgRepBeKZSpuQ=w408-h306-k-no,
69,https://lh3.googleusercontent.com/gps-cs-s/AG0ilSwtvfvtM9erusIc1XihvsyGlMXL32IKIwwISB6JojH_RPnbIjh_3HtnslUt8N-dO44tMk4kQ8lAEGDJSltWEKQOGV0WjvzznihLdrCa_VorjUBvG3o_Sjq-yTkiizmW26sysGDa8aT6zyg=w408-h306-k-no,
70,https://lh3.googleusercontent.com/p/AF1QipMfXbQVpNOosqwAt-3EZbM2bMuLbmn1NU0wE4ZO=w408-h306-k-no,
71,https://lh3.googleusercontent.com/gps-cs-s/AG0ilSxSRIVnRWesott9n1x_tUFgwM0DcNYkPyeJb6h50dujvpu0zY_DixCYChjm23DFHf8EqHzBmt2TFkRbV7JGSeIDXV6rOvh_Xi6yjs7gGa5-pSCv07o0hbcdAIjbUeQC4goS358KUQ=w426-h240-k-no,
72,https://lh3.googleusercontent.com/p/AF1QipPbIGHg2SxTInwIV6YB0416y_QpXm0vK0__XtTQ=w408-h337-k-no,
73,https://lh3.googleusercontent.com/gps-cs-s/AG0ilSy25ZQecZmSOBzUyIr1aNsDbuhAqYfLivUlia6SnrExTCGAG9Ul87uo983wvbHzO-hNDwphxDN4l_0KOxRofAN-2anX5G2mxWRiL7oSIXhsYyFX6pCPqrVivaUkInV1n6UFHN8BN7CAQugw=w408-h544-k-no,
74,https://bizweb.dktcdn.net/100/439/851/files/vincom-center-dong-khoi.jpg?v=1732785984570,
75,https://maisonoffice.vn/wp-content/uploads/2024/03/0-van-hanh-mall.jpg,
76,https://9pmp.com/wp-content/uploads/2021/11/management-consulting-and-shopping-mall-tenant-coordination-6005-1.jpg,
77,https://vinhomecentralpark.com/wp-content/uploads/2025/03/Trung-tam-thuong-mai-Vincom-Landmark-81.jpg,
78,https://vanphuochouse.com/wp-content/uploads/2025/05/crescent-mall.jpg,
79,https://aeonmall-vietnam.com/wp-content/uploads/2017/04/AM-Tan-Phu-Celadon-1.jpg,
80,https://corp.aeon.com.vn/wp-content/uploads/2022/06/aeon-mall-binh-tan.jpg,
81,https://maisonoffice.vn/wp-content/uploads/2024/03/1-cam-nang-mua-sam-vui-choi-tai-vivo-city-quan-7.jpg,
82,https://dynamic-media-cdn.tripadvisor.com/media/photo-o/2e/85/a6/9a/caption.jpg?w=1200&h=-1&s=1,
83,https://gigamall.com.vn/data/image/gigamall%20bai%20viet/Khai%20tr%C6%B0%C6%A1ng%20Gigamall_%20D%E1%BA%A5u%20%E1%BA%A5n%20c%C3%B4ng%20ngh%E1%BB%87%20c%E1%BB%A7a%20't%C3%A2n%20binh'%20b%C3%A1n%20l%E1%BA%BB/Gigamall%20day%201.jpg,
84,"https://ik.imagekit.io/tvlk/blog/2025/03/EstellaPlace_Masthead-20230801-min-1-1024x576.jpg?tr=q-70,c-at_max,w-1000,h-600",
85,https://statics.vincom.com.vn/vincom-tttm/gioi_thieu/anh_bai_viet/DJI_0819_resize.jpg,
86,https://thacogroup.vn/storage/truyen-thong/tin-tuc/thiso/2023/to-hop-thuong-mai-dich-vu-thiso-mall-sala-diem-den-all-in-one-tai-thu-thiem/untitled-1.jpg,
87,https://cdn.xanhsm.com/2025/03/e48f3a9f-hung-vuong-plaza-2.jpg,
88,https://cdn.guland.vn/files/16371467936194e0a9d9b08.jpeg,
89,https://static.chotot.com/storage/chotot-kinhnghiem/nha/2024/11/b533e978-lotte-mart-nam-sai-gon-01.jpg,
90,https://statics.vincom.com.vn/vincom-tttm/gioi_thieu/anh_bai_viet/VC-Phan-Van-Tri.png,
91,https://maisonoffice.vn/wp-content/uploads/2021/09/van-phong-cho-thue-menas-mall.jpg,
92,https://unionsquare.vn/wp-content/uploads/2022/06/about-us-slider-02.jpg,
93,https://bitexco.com.vn/wp-content/uploads/2018/12/02-990x660.jpg,
94,https://encrypted-tbn0.gstatic.com/images?q=tbn:ANd9GcS1turI8w_FLgmGN8porbZr_5kUIlnq0mia8A&s,
95,https://vinhomecitys.com/wp-content/uploads/2021/07/the-garden-mall-thua-n-kie-u-plaza-vi-sao-de-n-nay-va-n-hoang-va-ng.jpeg,
96,https://upload.wikimedia.org/wikipedia/commons/9/91/Ben_Thanh_market_2.jpg,
97,https://encrypted-tbn0.gstatic.com/images?q=tbn:ANd9GcQLrSpP-ErCrbySVCwqJXZiHpMbgVs6hDtU8w&s,
98,https://image.sggp.org.vn/w1000/Uploaded/2025/zfuswurkxr/2019_09_24/pr9b_vegk_BOVG.jpg,
99,https://cdn.xanhsm.com/2025/05/1b5c901e-emart-go-vap-2.jpg,
100,https://tongdaihoidap.com/wp-content/uploads/2025/04/emart-phan-huy-ich-385-phan-huy-ich-quan-go-vap.webp,
101,https://kenh14cdn.com/203336854389633024/2024/7/6/photo-18-1720257847846591118749.jpg,
102,https://odinland.com/wp-content/uploads/2020/07/cho-thue-mat-bang-trung-tam-thuong-mai-vincom-plaza-cong-hoa-7.jpg,
103,https://statics.vincom.com.vn/vincom-tttm/gioi_thieu/anh_bai_viet/Vincom-Thu-Duc-1024x537.jpg,
104,https://encrypted-tbn0.gstatic.com/images?q=tbn:ANd9GcSNy2dZayzO5Dh9UutQsVXNrimPuBTobIvyTA&s,
105,https://csdl.vietnamtourism.gov.vn/uploads/logo/01_3/CSDLDIEMMUASAM2020/HoChiMinh/TTTMLotteMartPhuThoQuan11/Logo.jpg,
106,https://mia.vn/media/uploads/blog-du-lich/check-in-saigon-garden-sang-chanh-01-1714697546.jpg,
107,https://file4.batdongsan.com.vn/crop/720x480/2016/04/06/0I4XNtd4/20160406092817-3b65.jpg,
108,https://kimquanggroup.vn/hoanghung/37/images/trung-tam-thuong-mai-romea-13.jpg,
109,https://ledinhphong.vn/wp-content/uploads/2020/11/anh-thuc-te-du-an-terra-royal-quan-3.jpg,
110,https://encrypted-tbn0.gstatic.com/images?q=tbn:ANd9GcTrow5rLwItEBolkFJX8f2WYDZLwXdG-gg5Yw&s,
111,https://lh3.googleusercontent.com/p/AF1QipNdajAL_oRbp7020-TZmF741E5qfSbmSgCc8_3P=w408-h271-k-no,
112,https://lh3.googleusercontent.com/p/AF1QipPXUjSoWgjYLgSnA_Qy8ish2IIitDRLFW-53Pvh=w408-h446-k-no,
113,https://lh3.googleusercontent.com/p/AF1QipPr8HMRzD_-RCnpBz91y99SNZG8XW1CqTttJGmR=w408-h262-k-no,
114,https://lh3.googleusercontent.com/gps-cs-s/AG0ilSzygg2epKL-uPps0i6gEzg6fdyDf5uVuCb2ztE1mAlHDKPQjwG4XJa_XApzB_wXfSzr6U5HaJapDctB-NiJPBzkC8zjqggATVE806K0LNxqubWadYlHeicw7DxjG1NZt-XWDy3onQ=w408-h544-k-no,
115,https://lh3.googleusercontent.com/p/AF1QipMEs6uzw6FeEbmTe2vObL36FUrQ-dgVFBOBnrv0=w408-h543-k-no,
116,https://hoangskitchen.com/wp-content/uploads/2024/07/1-1024x740.png,
117,https://lh3.googleusercontent.com/p/AF1QipN5picsSeIMc0GZJ9i837fQgWDhd8wYYeUdHjqy=w408-h306-k-no,
118,https://static.wixstatic.com/media/4013cc_6f5cefe05f414620b4de152e2e6f3d73~mv2.jpg/v1/fill/w_640%2Ch_650%2Cal_c%2Cq_85%2Cusm_0.66_1.00_0.01%2Cenc_avif%2Cquality_auto/4013cc_6f5cefe05f414620b4de152e2e6f3d73~mv2.jpg,
119,https://lasiestahotels.com/saigon/wp-content/uploads/2023/06/CNR_BREAKFAST_4-2000.jpg,
120,https://cdn2.tuoitre.vn/thumb_w/1200/471584752817336320/2023/6/7/com-tam-ba-ghien-1-16861496112601460952627-9-0-1056-2000-crop-1686150543059264631767.jpg,
121,https://media-cdn.tripadvisor.com/media/photo-m/1280/2c/c5/94/77/cute-facade-of-pandan.jpg,
122,https://dynamic-media-cdn.tripadvisor.com/media/photo-o/04/a7/62/83/cyclo-resto-company-limited.jpg?h=-1&s=1&w=500,
123,https://visaigon.com.vn/wp-content/uploads/2024/04/1712682112.jpeg,
124,https://dynamic-media-cdn.tripadvisor.com/media/photo-o/12/4e/6b/96/our-salmon-poke-bowl.jpg?h=500&s=1&w=900,
125,https://static.wixstatic.com/media/e43838_98b08af8ef2743a9a9f470115031535a~mv2.jpg,
126,https://homesaigon.info/f/634546cf1fbb14c2a8abc986dba3da6e-DIM2_30102022_113_cb8306.jpg,
127,https://axwwgrkdco.cloudimg.io/v7/__gmpics3__/adf4f51d94be4a2a943e839f6479bdaa.jpeg?h=300&org_if_sml=1&w=300,
128,https://lh3.googleusercontent.com/gps-cs-s/AG0ilSzB3TbJFLswU7BxiJIv3hEh1PgmNiu8-KeUk3Lc6vsDJLR6dGIySSkUM9JtslDd4X7qNNgPv0cqHKG99P6aNrX_tpOdUQ3sOg7XZg6DfOBZbwfxo0W6urTsHxbWwAwrOk9mSnil1IlyuPY=w224-h224-p-k-no,
129,https://lh3.googleusercontent.com/gps-cs-s/AG0ilSw9AKL9SQYRE1rvA9gvkMwCnlcvyEBLor5LknUqF1caKrbMeVS_n-OIGO3Lr_TbhYe70-Anl3jx9o0BR0IG01BFw-fNFZqkljmQeujyKTKnjasL77bjKENI-sKRYNh2NUie9Bl0=w426-h240-k-no,
130,https://lh3.googleusercontent.com/gps-cs-s/AG0ilSxzg7I8B56z4CML5BMpnHUb_TIVEonUEnL5MpHUJo15w4g06HoBLhvEp5aEm1fCpEASYkwAWsS8zdV_QAnXXvHs6k0ESHKR7N08FHFSoBxQ8k8-iZ6etewfRx9-PPKfIicR-V3nNg=w224-h224-p-k-no,
131,https://lh3.googleusercontent.com/gps-cs-s/AG0ilSwkew-OhEqdcuqDXjZnKiu5vBhPKMSkBGFxwJ4bU7n9RQAR2hs7lR9SWKSaWSiS4Nywbxh2i3b9wlTTcbIbHFQtzMmDQYjCEW24AR1eJtsGPjHSNsQrTCM9rXlS-GUgut7t1kZo2w=w408-h306-k-no,
132,https://lh3.googleusercontent.com/p/AF1QipN9q9_eCTiZ0DLgK4ULPRN2klG-mPNwZ4L98Opk=w408-h408-k-no,
133,https://lh3.googleusercontent.com/gps-cs-s/AG0ilSyujCSbhYc2F-9u5Ypl68Te8c1DkY2Zfs1n6nIpN7G4KBocIXwJK817hxMJr8Zmu9dGzYghkDtv9iDlOTVs1_Cb10JHjYxwZuhQw8U0bqUYascn_rUB4YNi39VPip6_POsr_Q0yZXlKPN_G=w408-h544-k-no,
134,https://lh3.googleusercontent.com/p/AF1QipOE1LxG_qyxP2Kl4NtrxCtNNFkBlDaZcLCQ6ezw=w408-h272-k-no,
135,https://lh3.googleusercontent.com/gps-cs-s/AG0ilSwQXszh8HCGabmNCpiGjI3sckpwbNkSd_edU97L5qpWXQv7wj41WFMe8XMsoIuWW92_rDxrNj9V3glOuGrpAiRl7PJsQYDw82Zd2gdivVLty_PFMUwZlL9YAyURp-dNWuJPZ6Ua=w408-h306-k-no,
136,https://lh3.googleusercontent.com/gps-cs-s/AG0ilSxoEKsDjXLLzRm2Mn7wSDexJ9uajG21FIy6Pky367YqQsXHlBW5ESVJceBGseDmYuD1fIj7Gqjg8CgGIBNX-PD9wK8Rn9nTxfbYXMrRHF_0QnhirlHG_QWSD8qBIUiAWSffCjONYQ=w408-h544-k-no,
137,https://lh3.googleusercontent.com/gps-cs-s/AG0ilSym2XjFynd3u6frAfi3vfifF729Rhs5L58viLmRvbYLaeUI-qrgk7n6i1fen-BBznW6WxSGQs7YW0PACHDn_0V347MR1Kmj23OY1c4osaaB4zUSjKR0kBOiL5rQCX5-AJAys6Y=w426-h240-k-no,
138,https://lh3.googleusercontent.com/gps-cs-s/AG0ilSyTS7gVL11ns9LEPW6ZknAh2IeYhirxIY3bPYirT3ZTeVWdIIFg23_3nlmZd-2duWnDczkMSvjFk68b62tbx1o89Rmbq18ki2OH3OFQL8yXN-HiL9oacU56EFya7-gg_LDLu67D=w408-h310-k-no,
139,https://lh3.googleusercontent.com/gps-cs-s/AG0ilSxG7KqGTEsumdVEfKUr8F2jaNsbrKwQEt9StPsVpmgrAdxKfkjuzwsSxqmnz8YlLtaEaH5yj3JN9LY0X_nPChdHUHhW3fJCAa8US-7AuuODIQVkomcsPC6t8CnyikIzcPc8TPWuTax4cCo=w408-h306-k-no,
140,https://lh3.googleusercontent.com/p/AF1QipMOnoXpUVZKpsF83ZXjuvLvUj8CXyaBntGqF0bl=w408-h408-k-no,
141,https://lh3.googleusercontent.com/gps-cs-s/AG0ilSxW-wVUf9pRoveN0LtwsQdiPSmiOvjMvvqGEYj8ZVpdBTnY31kHnhFoEhuYVVyusWDQ6xow1wNgEFSsLqFWwhWMWeLzDjRBSA2TQan8IkNvVrBg4bbUsEOxPSCRAQki9Mo5B-Xd=w408-h306-k-no,
142,https://lh3.googleusercontent.com/p/AF1QipNfOU_CrpCMvhy36WKMFy9us8Nwxfj156nucw90=w408-h611-k-no,
143,https://lh3.googleusercontent.com/p/AF1QipMAzcKXncWo3U_p_cGKiNkUBVB7G9N0P3HIN2s6=w408-h612-k-no,
144,https://lh3.googleusercontent.com/gps-cs-s/AG0ilSxXUlT5Zwe-OBuCnNqpk-fX_iISx4F_FSfCSPUvymeyhyLytUE5EZNzfxL2xLo7avvJQ9BGJgBIT0T7GI1uz_q3rpq-Q0atdrelOzrGIm90pRhUdP6e4c6w26goxeENRlKenN1IbGWBtrfK=w408-h268-k-no,
145,https://lh3.googleusercontent.com/p/AF1QipOQz-COLQVszmE9qZNiv7S0KeRcQA_ejyHBJ5n7=w408-h306-k-no,
146,https://lh3.googleusercontent.com/p/AF1QipMMMpe8JCGO5_uurd6n6-lrn67aA5mWMB1HvUEG=w408-h271-k-no,
147,https://lh3.googleusercontent.com/p/AF1QipNSMBko5SRF8uhti3a2jNZ7FyDkcqWhEDbwwR1l=w408-h510-k-no,
148,https://lh3.googleusercontent.com/gps-cs-s/AG0ilSzuUechVp8GJmmcqQTbv4l3ZPVzUEvOtxObKig26Ti-YzBTn036sYu4FUL1z34Io5sHLw5PmdIevDn0df1Jz2bFyEAbUW6LKqDI0oXZi6U705YaXXUuL1qVm4wb47il2WmVkNO-=w408-h447-k-no,
149,https://lh3.googleusercontent.com/p/AF1QipPxBEn39AxisCPPmfsXSXZ3hNTh5Te1YUn6P-o7=w426-h240-k-no,
150,https://lh3.googleusercontent.com/p/AF1QipNH3KIv_0XzLQhAnQj_q6BwV4cKf5R3BRoIQAer=w408-h544-k-no,
151,https://lh3.googleusercontent.com/p/AF1QipMbtJLMV9xqOjBiCM4dOhQ9Utuah-1BbOUJBBZN=w408-h271-k-no,
152,https://lh3.googleusercontent.com/p/AF1QipOff8o5Nd4hwgNZKlx7mXj7B1E9a5ml8NVp9Z3S=w408-h306-k-no,
153,https://lh3.googleusercontent.com/p/AF1QipM0zenbppukBPxiJAEAwLEza73P7vX9IeSlVJRW=w408-h408-k-no,
154,https://lh3.googleusercontent.com/p/AF1QipMhw5lU9br77FQadwS3ISiguy7bYamLlmA4PcPR=w408-h272-k-no,
155,https://lh3.googleusercontent.com/gps-cs-s/AG0ilSz5sqd99mlOWHckLCQuPXMA1P6JZDHdFCxbEqY1KTGeTkW6Yg053CQHJDRPG-ob7Ih027izX9iC4AK8MPjpFvhHpo5OM7P9wen1AArh41ClDG8LswisauEd5Khr8qCDoAx1wKtc=w408-h306-k-no,
156,https://lh3.googleusercontent.com/gps-cs-s/AG0ilSw85J0GtWBWZGa9VKKAizM9mHCHLUJy47o9k-VxuY45U7XgsMQ2Dzkk7v4Hcnv5VKHranx0okcAFwIqNgL8RMJb0jsKAQ1-g9AWNtQSMzIMQQ_miaw7Gj0VNl7Cr-e_p4nQ8S7lmJa00i5C=w408-h544-k-no,
157,https://lh3.googleusercontent.com/gps-cs-s/AG0ilSxsMr6--RbU7Lyf0O1UNBH6Nn7IXfJNGnnmLiQCi73t8K3j1LWk736ob0tOIv4G7hRJdqRBV8rYFRhimhVyxLRb6S2o8VgBY03ZsEJY0uPMMic1dqnutekXbnBEpD6vBTeS-6nfoA=w452-h240-k-no,
158,https://lh3.googleusercontent.com/p/AF1QipOqFjgwPgzq3vte0RpApzhJRBHDaMuyzMiZfZ7_=w408-h306-k-no,
159,https://lh3.googleusercontent.com/gps-cs-s/AG0ilSxku-YwISUI88R9pI2Z72TtBv2ulu8mek7yztjXks5aiU8ZwACxdzzcWnSLRi1WNH7WLt52CMnpQU_w-nwp_8-IKQ-rdbTV-vHLdoqahSOx9yICiUtQDOo8gO2TarOhPKYWTgSR=w408-h544-k-no,
160,https://lh3.googleusercontent.com/gps-cs-s/AG0ilSwGvtJLkfnGMkPF1M1F9svWx_zSub7yopd2i9s85oNcyuB0E2LOrnIFx8BTorYk8BSvGQJXNxP3fKG-kIs_xmLBfdKRZrAk1uoYTNdcFSD4olub0ofa8gCyk0EivMnWFoyFW5E=w408-h306-k-no,
161,https://lh3.googleusercontent.com/gps-cs-s/AG0ilSya6-EoLK7LOVpzrmwj3NI66fA5ajNow4UfpkypPhJuUM9gHjD5FjbZm-nANLJsO6Z_NIpAmy9GER2TFC4H1ymRpJBjL-gjxPxeA8ZCAJ5TWFZV609FWtNy2ZXAljkEElyT-C2dwcBNWshP=w408-h544-k-no,
162,https://lh3.googleusercontent.com/gps-cs-s/AG0ilSxxmljzSw_BM6GBTmkhgtWLoByjpGixEDU6oRVxJwwqmMG4UGvvxWv7efNP05T1K3EQi8c-Y77NORkyP38Cc3YYgTGXDYrCuOmypGG54EN9OH7lVEZaa4EYJG7rSxto_i4-JRo=w426-h240-k-no,
163,https://lh3.googleusercontent.com/gps-cs-s/AG0ilSwBOG_OneOLAq2CuitHQXQYwcMp71bCGLU1Ez3TF5pvoEDl_FN-mabmpwBtDkr8FexCfprvMZnU2S5T7vzd7DSnFRLaWcZ-PjsIKKzubvZQ-SvXvoRjyrd81hKZnjZjfKEX-_rU=w408-h306-k-no,
164,https://lh3.googleusercontent.com/p/AF1QipMu1zmQK4rRQH09aMBpEt0lTmIsx0XHffrfINgP=w408-h544-k-no,
165,https://lh3.googleusercontent.com/p/AF1QipOe1FWWRaKHgw4jkxSIRX7u90p-1qlm-Um4KfKm=w408-h612-k-no,
166,https://lh3.googleusercontent.com/p/AF1QipOhuygJrwdjqDJE_KKmZlGP9r3f9Y2oTkiDzAae=w408-h306-k-no,
167,https://lh3.googleusercontent.com/gps-cs-s/AG0ilSxJFNIrT9Y_ikDssB2UeOOFHTAdX3OP0IrWft9jTvwf_DVGBwvZUZLks0YYsHyPy8iErl-absgdoFZvV0VyEqURkeYVbrurnFlYyAfOYRREmuqhNn06mRnTSEctQ782SYLCTck6=w408-h305-k-no,
168,https://lh3.googleusercontent.com/gps-cs-s/AG0ilSxbnKfUVLo0epYSfm_LaHF-wwMUnXSVmT5h5eLErLHDeETjekZzokXDEGVs25EoUBvgvDg10QUPRilkoF0ron8hv_NWkJFqL31KjXp7PxkdD67efFTVNq9ugPY8pMd5VNXsL7w3JV-k7w6B=w408-h544-k-no,
169,https://lh3.googleusercontent.com/p/AF1QipNuz5Thpsx614V9EezXglARw_rkBduN_G1HxBlL=w408-h408-k-no,
170,https://lh3.googleusercontent.com/gps-cs-s/AG0ilSxSH7L4p6BUDKrP8_hT01PZWc6N9FcPfxk76wv6cZdjX6Xn1rqBFfuqTBZ77gSEwBVmGr667KlwLr5idgVjhnMwJd6m5JoH865B40upmvMRpNTTDUNJ-_TlJ-OQyFbKbDOF228=w408-h306-k-no,
171,https://lh3.googleusercontent.com/gps-cs-s/AG0ilSx--bUu7K2ytVJP45dokvKJfbIW5-FRnGToVbHfqT3kt9LrCR_2RJFJ7GnY7PnDd4LUze5-_NhtXEcBpDu2HUUpVaC5BpQuxR_kiqE_wHGgpa0pH_k5-R0nyPhB1LNa5JC0Ut-L=w408-h306-k-no,
172,https://lh3.googleusercontent.com/p/AF1QipNYb14JfmFA5nuFeQRv1mDsT8WD14g2RYIFlN8D=w408-h725-k-no,
173,https://lh3.googleusercontent.com/p/AF1QipOz6flXMKGMdGcFY0bVSX0VHx8RXaFr2aAxi6K-=w408-h446-k-no,
174,https://lh3.googleusercontent.com/p/AF1QipNf9faxhhV4t2KBWI_Ih3VINyfoM9B3li-2DT12=w408-h271-k-no,
175,https://lh3.googleusercontent.com/p/AF1QipNw979-nsjz8KPTJXmsNrw-J2d3kT2udyQz4GN-=w408-h271-k-no,
176,https://lh3.googleusercontent.com/gps-cs-s/AG0ilSyGgyg26Vl9ydXFYIlA7yHOgwWCJ_saE17nWhSLIa_NdZvDu-Z9Tdmwk3mzcZjt8cAHv-hd7ZYAhkJbZk2j6o2wU9BHggXl14BbI0ifgCz9DNWNGn17uI-wu9zbasoPKMd0vADl0w=w513-h240-k-no,
177,https://lh3.googleusercontent.com/gps-cs-s/AG0ilSx_S1OGcUrOch5YPTI_ZTW5LscvmCXx0051yHnhpXFIrJFPANJqlOLv3RxpzfreqSmSyVq6spSU0NNy8W4OMER4bjf80kdknvX_rE7-u50nPxPYuklCADHO-Ec5g_3CDZ3TuoA=w408-h393-k-no,
178,https://lh3.googleusercontent.com/p/AF1QipOG7BgPnUUMf3L_fd12w02bHS0h2qagWydYEjko=w408-h270-k-no,
179,https://lh3.googleusercontent.com/p/AF1QipO2zzCmQ21Hp6fmNfx-8DXeCQrkh4iHXGIHSu2a=w408-h272-k-no,
180,https://lh3.googleusercontent.com/gps-cs-s/AG0ilSxE_mEVcKfSq_8lZnDIQq8Fw9PqGTJHwGyDhML3Z-JLRMlFzskMvSwVYfy8XstMFSBC0pbKFF96hndynpNwAOa8Xo6BH3MKM8ULD_NKSvArTW4KoFtYb26YekHiTprHK1mI7NpF7w=w519-h240-k-no,
181,https://lh3.googleusercontent.com/gps-cs-s/AG0ilSwWbqkbAokprCtHw5L-7It3hvqyuQzIHe2h4LsHzeKh9Rg_K1kGIrdxP9VSqZ5BlNG6PLtZmcWtcFDnUkhb-JHqNrmwOMzKovu_fB_WfM03MVrX2_gGfyd19YZ8JWqSgZGgjjtm=w408-h306-k-no,
182,https://lh3.googleusercontent.com/gps-cs-s/AG0ilSzXuTxwCXyxM8gI-PjpXbtwOUHGSaWWUkNgbQa_74U9-HxjBWYAtN6luWQfShfErV-azZRjnJSUsU8vm6CFC6d0R_fqJIYZPcnpzT6frEbywnl43jLxdLbLcRgcwxg_quSIFWKqYN-f4pTm=w408-h306-k-no,
183,https://lh3.googleusercontent.com/gps-cs-s/AG0ilSzKDXPr-Tnu0FO5DgC2xHckEUKkMYKE25wDj6F8PlUke6UtkqX_IlSUaTvApcAZmbdUgPC7pHNwSxR-vaogbSiEehvRy5O0GjFDmZwlFJEZyLMOAsj-NZgwQC52iF3PWwasPj381GwXAJNu=w408-h408-k-no,
184,https://lh3.googleusercontent.com/gps-cs-s/AG0ilSxKyOfkRq6tex8w2dz6l6rUzas5TfhKeMxi6yIUJxtM4_uzrKWyTifiBI7TcC-5cnq5fG6n2SyqinPg7poB7l0fOUYjQP9FyOeck4j-1MBoqnf8EK_J9CdTlcUvnXy0WkGKQlJtUA=w408-h544-k-no,
185,https://lh3.googleusercontent.com/gps-cs-s/AG0ilSwlaRkD-7zjcRpA7MpyOnEJHOFD3UMHTvIGLMEohT_sGhdOUsXxhgrw3KWvGEGBo1O5tg3SO7QcVZyOoh-DuIhx6aW1B_dwnFNn-xkW6WVC2IZufbDr6u2HJbnOPGYZaSEBkorKFg=w408-h306-k-no,
186,https://lh3.googleusercontent.com/p/AF1QipPEyuNkSEkMoHy8aa06ishftwZbiHAEhyhBMe9Q=w408-h326-k-no,
187,https://lh3.googleusercontent.com/gps-cs-s/AG0ilSzAbPW2fy5DKrwwZQm7d-s8DSOOXzlNNMe3FIj_FrulhtCv8HZX-oIC5FRXz2LAn7i6CGcXqBDtYEyY6JwPkgm4QGFD2heHYsAkPMCJk62St4R9I_6CgN_D8VegJL3Caz9FdG_RJm1BbbMM=w408-h271-k-no,
188,https://lh3.googleusercontent.com/p/AF1QipNdIarGt92mBbgYwGJ-28bkSLLHnTeOToyKU6ep=w408-h543-k-no,
189,https://lh3.googleusercontent.com/gps-cs-s/AG0ilSyrlj7O5n__qZHGlGjhDbtqIvfgtP7wz56ksOBAGMzGo7lKCbKYwkvwiBlD0oAm-Je9Gk55czLtB_jqfplaHNCmcoCv_EN56clHZZ8QitIDXVSdRki6MYMXOJpZBa8PfZnLVamt=w408-h544-k-no,
190,https://lh3.googleusercontent.com/gps-cs-s/AG0ilSxTck23p35IICUwL8ETsdvfWnF4PywLZx-4PaJPvM5ZupxmDf1Qat3iEQSiXpcKtaIHxEAgTFMXh2HYHfQzD5Qp9f5dAwzpbTdF7eMBKEneb7BoBphvlqvtIXzV5olajKrTB-03qw=w408-h422-k-no,
191,https://lh3.googleusercontent.com/gps-cs-s/AG0ilSwx3PHF6C2bwdur_gAwO6cS0BsSHa9-kRGlA3NsChZGcnbhdhcZx0sJHkQMmtOQIrLBXeivqvoeqMufzcsxdP47ZTzjzmh2QemuGp1xnlibbKC476KIawwjkBJguesSOYI1hk80=w408-h544-k-no,
192,https://lh3.googleusercontent.com/p/AF1QipM7ic2MIxjyR2fgtY6oTUKW-sY4dXMlJuHpFCt6=w408-h408-k-no,
193,https://lh3.googleusercontent.com/gps-cs-s/AG0ilSzjc06NLYbjnmLBqvb2ioqcHqvuAFabs43xYBfbdjh718lcGfKa6Rv-Eb6ohmSw35G5MgUq1iGWqAKUG09DvH7n0oRD_m2eZBG0zKroDJsbygwkgLF7r68_kHLyiqoKjuThLucR=w513-h240-k-no,
194,https://lh3.googleusercontent.com/gps-cs-s/AG0ilSwxcydyKAcijVYm1Sv4oF2af81lo6fXCBZwVBmSwQKNY_XBMQ2UTvDMPr7mEYDWD4CmbiFTrhXivdcbrearpkOgw69SMVRlt3uCkmN8vEjKaGYR5L7Wuc4UGQRGoCfrmaFiTHg=w408-h306-k-no,
195,https://lh3.googleusercontent.com/p/AF1QipPtenJ7bG9oRXB_0-hMTAjDcMpS5PxG2YzahzLC=w408-h270-k-no,
196,https://lh3.googleusercontent.com/p/AF1QipPseez8-yX6IuY3lXXEoOfX6xoUTpDuvgCjCOOE=w408-h272-k-no,
197,https://lh3.googleusercontent.com/gps-cs-s/AG0ilSy11VuHx9abv2gY4dos73pGDXIj3IP0R8xxPT_U7RkS_2ZPIG0KeMqmVQG_4u7nE3_FteJwBiodpQLoP84RWBa40HxcOC0NAqHJhiCCJndpGTMxDYa-kc4P5P0fBuR47hmFIsaA6Uh8K3Df=w408-h544-k-no,
198,https://lh3.googleusercontent.com/gps-cs-s/AG0ilSw6omNpQb-MtIGVrFpD-ZUc-3GPi56HHBKtUFXQcYnr6P6tDKbcbtEKlKfOl0IuUAAGeA6YtP66hqYuJnBNpMIp_pHDZjj8VggAZ9MixSxCECIN8Jo17Q_nYyjpx72zqiEAxJid=w408-h306-k-no,
199,https://lh3.googleusercontent.com/gps-cs-s/AG0ilSx3svb_OcLdw_bb3PBY9PXQCzIDd03Y5BWlAmsd1ocVCAYDRgnlIirgfvNVaAZMaIRFKVsw8lz7X2PbQTbdVCeLJ3vRwQdugCMDs1_0-FKNq4cLmUIyFApypRLjgRcgEJ-JLOF-=w408-h408-k-no,
200,https://lh3.googleusercontent.com/gps-cs-s/AG0ilSzaHNHWpgLVsuiNaQcfjA4MXdAtmaZMEvPtvNhMKfSwkmedp6BW-min9vUH9fwdbIhyEOSggNwXUFblCNaiKwgDZz8Ic9motORrmAqCz-pJcNjyQjmkSkAo9p4dr_1OPNqjzAtUUw=w408-h306-k-no,
201,https://lh3.googleusercontent.com/gps-cs-s/AG0ilSzVkNOaZvHvxn6KIggAFIn3irs4jzCyLLIWts5-MXl4gOGEhnmxoK2o3VXeD3WGjnFkNJs9mXjW5hMt71pvXBhqefq_NEWPCmmrvH6KTjrM6UNI-zbYNnIPAmxxUDWjv2gTnKgw_g=w408-h306-k-no,
202,https://lh3.googleusercontent.com/gps-cs-s/AG0ilSwRQn-kDe6jaMqhEG32MdqeiW-drRm0v8ughfaThEFSBscX1l1HQ18xVEEBm5gehwN91EWlF3waheXVw016E48mlEeFp9_ibQ5uFgGAFX5Ca-t9ZqYKWIKOkGt1L8Z_6TBO_pAE=w408-h305-k-no,
203,https://lh3.googleusercontent.com/gps-cs-s/AG0ilSzBohcRz7EAbYTCGT-TB6uO0jFlNJHAw-v_yEHbA88du-Ig_wQ9KJZQmloASxsBCuqFQnMtGTB6H6jxAIXJAVy-1mZA3mnwoUg3cW_Bc_hvzDgkjFNeweB2P3abYYfBHLF3AwLNsw=w408-h306-k-no,
204,https://lh3.googleusercontent.com/p/AF1QipNh5TgE3buipEAXl8jAUOXVafhbHci1o1I2kaEh=w408-h306-k-no,
205,https://lh3.googleusercontent.com/gps-cs-s/AG0ilSxIA_GkTxCwQV5eQd5QiGP5ZYKdEkc1rP5O_x8jh4qda5uEq9uzyy-vboINtnnxUVXN8c1CWnNVBkHek0BFsGPWKkqWo1xEzNMSj2p78nzwjEJAFv24_rW4O73DgfzxLf9jVTOa=w408-h544-k-no,
206,https://lh3.googleusercontent.com/p/AF1QipOnVj7kX7lAddEJTGQcDr1L14ShObDCQC_m61GF=w408-h305-k-no,
207,https://lh3.googleusercontent.com/gps-cs-s/AG0ilSz1vnCplSP9teLTbYuVXPccBmjSm1Vx26TSjkydaJ6IF2I10qjdlda1-jkcxSZkW7idILJxeSDHowIEV3dJBEsbhjah6vape749LrgHHY3ZlCl0_3CBf3glhu9CskF2DWXGdtMi=w408-h306-k-no,
208,https://lh3.googleusercontent.com/gps-cs-s/AG0ilSyhKQj9C8FULFbKcCp0AXuiRUs7sTgaPAlvlRzrqXb1KEmtaECOMfRaFWeE2i3S_FdXxDvELiHGtuBdBxNRIsb26YsIxfJwhKg5VfslaxmJYE7w_lcuXrDOmweRDr2rP5yAC54-=w408-h272-k-no,
209,https://lh3.googleusercontent.com/p/AF1QipO0opqLVmsnXrNM7R0z_SmujGjQzxF5c6Jlvn3r=w408-h306-k-no,
210,https://lh3.googleusercontent.com/p/AF1QipP36OrHT3lPFa-Pbev28j__W1ZTuSOwwDkLvQsv=w408-h506-k-no,
211,https://lh3.googleusercontent.com/gps-cs-s/AG0ilSyGFsAm6o9UTNon3kHaeStNZkr_DzwM7sdhvMpohcRWXfZFxpVSPcXPknPvDgaPBQgp7zRIVWg_vOdubGC6Sj8sQpKUbS8moedt3IA0K3gk5ZWs399muwiH2E4w2-m7-VmbTtZ8NgKrU_d7=w408-h544-k-no,
212,https://cdn.xanhsm.com/2024/11/f5d8fc3e-nha-tho-duc-ba-thumbnail-min-1-1024x576.jpg,
213,https://static.vinwonders.com/production/buu-dien-trung-tam-sai-gon-banner.jpg,
214,https://vcdn1-dulich.vnecdn.net/2025/04/18/z6516648694973-259df00d1deba791e372e54b802daf3f-1744946004-1744947493.jpg?w=1200&h=0&q=100&dpr=1&fit=crop&s=gC7OZjv7APkYrENRF0QaDg,
215,https://static.vinwonders.com/production/pho-di-bo-nguyen-hue-o-dau-1.jpg,
216,https://seaproperty.vn/wp-content/uploads/2024/09/toa-nha-bitexco-2.jpg,
217,"https://res.klook.com/images/fl_lossy.progressive,q_65/c_fill,w_1200,h_630/w_80,x_15,y_15,g_south_west,l_Klook_water_br_trans_yhcmh3/activities/rhs9bb4z1ztznp7tsevc/V%C3%A9%20B%E1%BA%A3o%20T%C3%A0ng%20Ch%E1%BB%A9ng%20T%C3%ADch%20Chi%E1%BA%BFn%20Tranh%20TP.%20H%E1%BB%93%20Ch%C3%AD%20Minh.jpg",
218,https://static.vinwonders.com/production/bao-tang-my-thuat-thanh-pho-ho-chi-minh-1.jpg,
219,https://upload.wikimedia.org/wikipedia/commons/5/54/C%C3%B4ng_vi%C3%AAn_Tao_%C4%90%C3%A0n.jpg,
220,https://static.vinwonders.com/production/thao-cam-vien-1.jpg,
221,https://static.vinwonders.com/production/nha-hat-thanh-pho-banner-min.jpg,
222,https://static.vinwonders.com/production/pho-tay-bui-vien-topbanner.jpg,
223,https://static.vinwonders.com/production/duong-sach-nguyen-van-binh-banner.jpg,
224,https://mia.vn/media/uploads/blog-du-lich/vincom-dong-khoi-1-1733417434.jpg,
225,https://kimquanggroup.vn/hoanghung/37/images/trung-tam-thuong-mai-saigon-centre-1.jpg,
226,https://sakos.vn/wp-content/uploads/2024/07/THUMB-SAKOS-6.jpg,
227,https://upload.wikimedia.org/wikipedia/commons/b/b3/C%C3%B4ng_Vi%C3%AAn_23_Th%C3%A1ng_9_-_Ho_Chi_Minh_City%2C_Vietnam_-_DSC01084.JPG,
228,https://encrypted-tbn0.gstatic.com/images?q=tbn:ANd9GcTarMGNgpPCd3py_e4_xtFdheRKcaB6omsvMA&s,
229,https://static.vinwonders.com/production/chua-ba-thien-hau-2.jpg,
230,https://encrypted-tbn0.gstatic.com/images?q=tbn:ANd9GcS5_m2Jx5x6TsclnL0JC7xZY6KKdhJ2rHhquw&s,
231,https://cdnphoto.dantri.com.vn/v64Cpxk65gp-xFP0uUIDA2WsXIo=/2022/05/24/hoconruagiam-31-1653371082841.jpeg,
232,https://baotangphunu.com/wp-content/uploads/2022/08/slide-1-1400x785.jpg,
233,"https://res.klook.com/image/upload/w_750,h_469,c_fill,q_85/w_80,x_15,y_15,g_south_west,l_Klook_water_br_trans_yhcmh3/activities/ixhpnxnhjqqyy3crll0t.jpg",
234,https://upload.wikimedia.org/wikipedia/commons/7/71/Le_Van_Tam_park.JPG,
235,https://upload.wikimedia.org/wikipedia/commons/1/11/T%C3%A2n_%C4%90%E1%BB%8Bnh_Church_20190922.jpg,
236,https://upload.wikimedia.org/wikipedia/commons/1/1b/Nghia_An_Hoi_Quan_Pagoda_%2810018256906%29.jpg,
237,https://upload.wikimedia.org/wikipedia/commons/thumb/b/bf/Vn-hcm-cho-binh-tay-27-07-07.JPG/1200px-Vn-hcm-cho-binh-tay-27-07-07.JPG,
238,https://upload.wikimedia.org/wikipedia/commons/5/5c/Ph%C6%B0%E1%BB%9Dng_14%2C_Qu%E1%BA%ADn_5%2C_TPHCM%2C_Vietnam_-_panoramio_%287%29.jpg,
239,https://encrypted-tbn0.gstatic.com/images?q=tbn:ANd9GcT-Z1eCGnnSo65iuacgdbnyCayI3yhstFAlYA&s,
240,https://mia.vn/media/uploads/blog-du-lich/crescent-mall-quan-7-1712070085.jpg,
241,https://lh7-us.googleusercontent.com/ZqSJXOl008KP7d5cfQoHdkKGAqALt6mjUT-l1XtbYsOOBZOm2SDnkEUcEe1bxlx6vMqZFJv7R6X1iEkq667NGJnDcbZhqEMLnwjpcMa90qhQOuuyVMgfD84G1ZSp7Ye5mYGYzwhzfbM--9aiVWCEHCg,
242,https://cdnphoto.dantri.com.vn/66ESuVXrH9WKDYlGDbBNeTKP1o0=/thumb_w/1020/2023/11/24/phu-my-hung-30-nam-theo-duoi-mot-cam-ketdocx-1676474231502-1700796442814.png,
243,https://upload.wikimedia.org/wikipedia/commons/c/ca/Vi%E1%BB%87t_Nam_Qu%E1%BB%91c_t%E1%BB%B1_%28B%E1%BA%A3o_th%C3%A1p%29_%281%29.jpg,
244,https://mia.vn/media/uploads/blog-du-lich/dam-sen-kho-01-1697030992.jpg,
245,https://damsenpark.vn/wp-content/uploads/2020/07/dam-sen-kho-va-nuoc.jpg,
246,https://upload.wikimedia.org/wikipedia/commons/e/eb/HCMC_An_Quang.jpg,
247,https://upload.wikimedia.org/wikipedia/commons/9/99/ChuaGiacLam01.jpg,
248,https://upload.wikimedia.org/wikipedia/commons/4/4e/The_Landmark_81_at_night.jpg,
249,https://storage.googleapis.com/digital-platform/hinh_anh_cong_vien_Landmark_81_o_dau_ve_vao_cong_bao_nhieu_so_1_35a62ed3db/hinh_anh_cong_vien_Landmark_81_o_dau_ve_vao_cong_bao_nhieu_so_1_35a62ed3db.jpg,
250,https://cdn.xanhsm.com/2024/11/4dd7fdef-chua-xa-loi-thumb.jpg,
251,https://52hz.vn/wp-content/uploads/2022/09/chua-phap-hoa-ve-dem.jpg,
252,https://upload.wikimedia.org/wikipedia/commons/9/9e/Ch%E1%BB%A3_B%C3%A0_Chi%E1%BB%83u.jpg,
253,https://static.vinwonders.com/production/cong-vien-gia-dinh-2.jpg,
254,https://kimlientravel.com.vn/upload/image/avatar/Cong-vien-van-hoa-suoi-tien-1.jpg,
255,https://giothanhle.net/wp-content/uploads/2016/10/nha-tho-thu-duc.jpg,
256,https://kientrucvadoisong.net/Upload/News/chua-buu-long-net-kien-truc-theo-phong-cach-thai-lan.jpg,
257,https://media.vneconomy.vn/1200x630/images/upload/2024/09/07/cong-vien-phan-mem-quang-trung.jpg,
258,https://binhquoi.vn/wp-content/uploads/2025/07/BQ1-v1.jpg,
259,https://www.homepaylater.vn/static/88357cc22dcb6460df003e4ff1dec446/9d72c/1_khu_du_lich_binh_quoi_2_mang_den_khong_gian_thu_gian_hoa_minh_vao_thien_nhien_299b8d9efd.jpg,
260,https://ik.imagekit.io/tvlk/blog/2022/11/khu-du-lich-tan-cang-2.jpg,
261,https://media-cdn-v2.laodong.vn/storage/newsportal/2023/8/22/1231911/DJI_0833.JPG,
262,https://lh4.googleusercontent.com/proxy/r9cAKespB-z5zuWrFexiJ_31TEtGdiPwYEkdF-8wznRIHypYGKvY_onkgIz2j653HdftU8yOh7ByyD4oh46zIK3Qv_jQ94HxCHaWUhUki52sidt16QXCigoIyf9cv3XEZjQlb6NqRswps5TdGLPtBvEdaehpuc9EWCjAjxKKXz_5gxM,
263,https://upload.wikimedia.org/wikipedia/commons/6/66/Ben_Duoc_Temple_Cu_Chi_tunnel_%2839514032832%29.jpg,
264,https://static.vinwonders.com/production/2025/05/dao-khi-can-gio.jpg,
265,https://vinhtour.vn/wp-content/uploads/2024/08/VT_Khu-Du-Lich-Sinh-Thai-Vam-Sat1-1.jpg,
266,https://static.vinwonders.com/production/bien-can-gio-thumb.jpg,
267,https://cdn-cms.ahamove.com/cho_hai_san_hang_duong_can_gio_4da8024cea.jpg,
268,https://acnoshotel.com/hotel/wp-content/uploads/2024/07/Acnos-snow-town-03-1.jpg,
269,https://bocapvang.net/wp-content/uploads/2025/03/sai-gon-outcast-1.jpg,
270,https://encrypted-tbn0.gstatic.com/images?q=tbn:ANd9GcRd-Nq65El7t2rU4gMxzAtKmIn2cfVRYUTVfg&s,
271,https://down-vn.img.susercontent.com/vn-11134259-7r98o-lw8bnchqefa1f9@resize_ss800x450,
272,https://www.therooftopguide.com/rooftop-bars-in-ho-chi-minh/Bilder/chill-skybar-600-1.jpg,
273,https://static.vinwonders.com/production/bao-tang-ao-dai-2.jpg,
274,https://kichcaudulichtphcm.vn/wp-content/uploads/2024/11/ben-nha-rong-2.jpg,
275,https://i2-vnexpress.vnecdn.net/2022/01/26/1d8462947e84fd807001cbe5ad1b6913-1643166253-1643169956.jpg?w=1200&h=0&q=100&dpr=1&fit=crop&s=N4e15_g2ZHIAuJvPvuxRvQ,
276,https://langngheviet.com.vn/stores/news_dataimages/2024/032024/20/11/kk20240320111454.jpg?rt=20240321093204,
277,https://lh7-us.googleusercontent.com/pPd9lXCDCg6SHqpmQnztg7gnQOq2qKAZBOV_q1BIHdQ8T-sk181Xznfcy1gOjVr7e93AjsMdBa9II3f8y06STHBenkZTM6hYVdl3Ke1Z9p0tr8V1OTaHcg2mXrBwVvyzSP_V50wJpDNW4_HmqixqYGI,
278,https://kenh14cdn.com/203336854389633024/2024/9/24/k14-1-1727185403365-1727185403796406024524.jpg,
279,https://52hz.vn/wp-content/uploads/2022/12/52hz-ho-dau-tieng.jpg,
280,https://tapchimoitruong.vn/files/tre%20An%20Ph%C3%BA%201.jpg,
281,https://dulichvn.org.vn/nhaptin/uploads/images/2020/Thang10/02102020-chua-ba-Thien-Hau.jpg,
282,https://khudothi.vn/wp-content/uploads/2023/06/Aeon-Mall-Binh-Duong-Canary.jpg,
283,https://encrypted-tbn0.gstatic.com/images?q=tbn:ANd9GcToBcqXH_qur2_M9UVvWZIyt5Q1DkRi7F2MYg&s,
284,https://upload.wikimedia.org/wikipedia/commons/thumb/8/89/Ch%E1%BB%A3_Th%E1%BB%A7_D%E1%BA%A7u_M%E1%BB%99t_1.jpg/2560px-Ch%E1%BB%A3_Th%E1%BB%A7_D%E1%BA%A7u_M%E1%BB%99t_1.jpg,
285,https://nghiencamtrai.com/wp-content/uploads/2025/07/cam-trai-ho-binh-an-7-1.jpg,
286,https://diachat146.vn/wp-content/uploads/2021/04/ecolakes.jpg,
287,https://gaohouse.vn/wp-content/uploads/2023/07/khu_du_lich_sinh_thai_thuy_chau_bbcfee1047ea48e6a1da61b1379c0f23_grande.jpg,
288,https://binhduong360.com/images/post/2023/12/Sora_Garden_SC/khong_gian.webp,
289,https://sycamorecapitalandbinhduong.com.vn/wp-content/uploads/2024/07/chua-hoi-khanh.jpg,
290,https://mia.vn/media/uploads/blog-du-lich/dung-chan-tai-cong-vien-nuoc-thanh-le-doc-dao-o-binh-duong-01-1655232405.jpg,
291,"https://ik.imagekit.io/tvlk/blog/2023/01/tuong-dai-chua-kito-vua-3.jpg?tr=q-70,c-at_max,w-1000,h-600",
292,https://static.vinwonders.com/production/2025/05/hai-dang-vung-tau-o-dau.jpg,
293,https://vielimousine.com/wp-content/uploads/2023/06/2-bai-sau-vung-tau.jpg,
294,https://owa.bestprice.vn/images/destinations/uploads/bai-truoc-609ca7036edb7.jpg,
295,https://static.vinwonders.com/production/dao-hon-ba-1.jpg,
296,"https://res.klook.com/images/fl_lossy.progressive,q_65/c_fill,w_1200,h_630/w_80,x_15,y_15,g_south_west,l_Klook_water_br_trans_yhcmh3/activities/xpshef1c05thj4oyxldm/V%C3%A9%20C%C3%B4ng%20Vi%C3%AAn%20H%E1%BB%93%20M%C3%A2y%20V%C5%A9ng%20T%C3%A0u.jpg",
297,https://static.vinwonders.com/production/2025/07/vi-tri-doi-con-heo.jpg,
298,https://static.vinwonders.com/production/2025/06/toan-canh-mui-nghinh-phong-vung-tau.jpg,
299,https://nhatrang-tourist.com/image/cache/catalog/tour-1-ngay/b%E1%BA%BFn%20du%20thuy%E1%BB%81n/ben-du-thuyen-ana-marina%20(1)-1400x875.png,
300,https://thodiavungtau.com/wp-content/uploads/2022/04/hai-san-cho-xom-luoi-vung-tau-1.jpg,
301,https://static.vinwonders.com/production/2025/06/dinh-co-co-linh-khong.jpg,
302,https://mia.vn/media/uploads/blog-du-lich/van-canh-thien-vien-chon-khong-vung-tau-noi-dat-buc-tuong-phat-bang-vang-khong-lo-giua-long-thanh-pho-bien-1633981446.jpg,
303,https://www.homepaylater.vn/static/0be4ea26b9f15dc433ea27912c9a8502/81d53/kham_pha_khu_du_lich_ho_tram_vung_tau_e1574e295a.jpg,
304,https://minera.vn/image-data/1770-954/minera.vn/static/upload/images/minera-springs/Springs%20Pool/Springs-pool-ho-khoang.jpg,
1,https://xethientri.com/wp-content/uploads/bai-bien-nhan-tao-bien-tien-dong-ngoc-nu-diem-nhan-cua-suoi-tien.jpg,
2,https://storage.googleapis.com/blogvxr-uploads/2025/10/bff97855-bien-nhan-tao-dai-nam-3-8149785-8628375.jpg,
3,https://lockernlock.vn/wp-content/uploads/2023/09/2-du-lich-dam-sen.png,
4,https://cdn.xanhsm.com/2025/05/1dae1191-real-escape-sai-gon-17.jpg,
5,https://lh3.googleusercontent.com/geougc-cs/AMBA38tuPr2gd68UJYy332lrHw-e3NZSi3Izm3k0pzp62GZ8lpa_jiw0RoZZE0Es8ifTVeev1-z7umeGRq_TcuUuy9miDxMVRgvaGq-lcjygC_Hajb-CItBOEDoTKDK4hy8RwR7ZntNrmqM5dBc=s1738-w1590-h1738-rw,
6,https://encrypted-tbn0.gstatic.com/images?q=tbn:ANd9GcSANaoSX6B7gW6nu2QVwQEMyAGUSEoE_kheMuQh89ZcsUQWIKacdV6to23uaNbNkiRICWE&usqp=CAU,
7,https://cdn.xanhsm.com/2025/01/93f7972f-ban-cung-quan-1-7.jpg,
8,https://baodongkhoi.vn/image/fckeditor/upload/2022/20220927/images/xa%20thu2.jpg,
9,https://static.where-e.com/Viet_Nam/The-Warehouse-Billiards-Bida-Qu-N-10-Bida-Pool_819717e46f7e6914a18f05749b0af1fc.jpg,
10,https://encrypted-tbn0.gstatic.com/images?q=tbn:ANd9GcS6goaUXbdCTR2wFSqvrOerfQogoj0nJBCYzKgtT7mZNhnL_s3gqfD5FuT3zDTSw40siS4&usqp=CAU,
11,https://cybercore.vn/wp-content/uploads/2019/10/GPM_8288.jpg,
12,https://media-cdn-v2.laodong.vn/Storage/NewsPortal/2021/9/26/957604/P2150423-01.JPG,
13,https://aeonmall-review-rikkei.cdn.vccloud.vn/public/wp/16/promotions/4103d4f7-8afd-4353-80e9-7d8ae20aa077.jpg,
14,https://encrypted-tbn0.gstatic.com/images?q=tbn:ANd9GcRxnfihdUorUU2Q8FmYSXhKK57B-lIyNyPUJA&s,
15,https://static.vinwonders.com/production/khu-truot-bang-an-toan-o-sai-gon.jpg,
16,https://cdn.galaxycine.vn/media/2024/10/1/parcmall-3_1727752238566.jpg,
17,https://statics.vincom.com.vn/vincom-tttm/gioi_thieu/anh_bai_viet/VC-Phan-Van-Tri.png,
18,https://encrypted-tbn0.gstatic.com/images?q=tbn:ANd9GcT20_FNvIK-__ALuPDmy2w8WWi2mEK_V2gWnw&s,
19,https://media-cdn.tripadvisor.com/media/photo-s/05/07/fe/92/paintball-saigon.jpg,
20,https://lh3.googleusercontent.com/proxy/W9uCpK3Q9JnbWmo-WhIRPw6VtiC_goQLrsGNMwvI0NpICRk4Byw7TeD1pBfy6mj6kXxFtcLUZOGN4F2p9rbj3pt7uYqD6TAogb46lAjXirsEnHK5xm2x,
21,https://gigamall.com.vn/data/2019/09/05/17491921_Trung-t%C3%A2m-th%C6%B0%C6%A1ng-m%E1%BA%A1i-GIGAMALL-JP-BOWLING-GAME-CENTER-2.jpg,
22,https://encrypted-tbn0.gstatic.com/images?q=tbn:ANd9GcSn1bo9Q6wU2cQ5YBcMkQRUnhrniKyDNd9ErA&s,
23,https://cdn.xanhsm.com/2025/03/93f27815-inside-xcape-room-1.jpg,
24,https://dynamic-media-cdn.tripadvisor.com/media/photo-o/0f/05/0e/f9/caption.jpg?w=1200&h=-1&s=1,
25,https://lavaplanet.vn/thumbs/478x563x1/upload/news/pic-473x559-8302.png.webp,
26,https://encrypted-tbn0.gstatic.com/images?q=tbn:ANd9GcR_D9dIgiSDuv7nTsd1Cl01GRmImnJDkUriHQ&s,
27,https://pushclimbing.vn/wp-content/uploads/2022/10/KI8A4817_DN_2048PX.jpeg,
28,,
29,https://dynamic-media-cdn.tripadvisor.com/media/photo-o/0f/30/c6/38/kid-playing-in-snow-town.jpg?w=900&h=500&s=1,
30,,
31,https://tripzone.vn/uploads/202104/16/22/103132-b-n-c-ng-c-c-kh-a-hu-n-luy-n-v--k--n-ng--ua-xe-go-kart---ngu-n-internet-.jpg,
32,https://vanhoaduongpho.com/storage/news/san-truot-ngoai-troi-go-station-skatepark-diem-tu-hoi-moi-cua-cac-van-thu_2904.png,
33,https://encrypted-tbn0.gstatic.com/images?q=tbn:ANd9GcTTxn0oiHmk3o4mLRN-JQUHANiold87yMlpToAM5C4I6IIomeOuUZjB9CGw-xoJ1q02y5s&usqp=CAU,
74,https://statics.vincom.com.vn/tin-tuc-su-kien/TCBC-Anh-8.JPG,
75,https://i.ex-cdn.com/danviet.vn/files/content/2025/04/29/123029img_7844-1229.jpg,
76,https://mia.vn/media/uploads/blog-du-lich/takashimaya-6-1733294689.jpg,
77,https://upload.wikimedia.org/wikipedia/commons/4/4e/The_Landmark_81_at_night.jpg,
78,https://dynamic-media-cdn.tripadvisor.com/media/photo-o/2e/94/14/e6/caption.jpg?w=900&h=500&s=1,
79,https://impresstravel.com/wp-content/uploads/2024/09/shop-smart-at-aeon-mall-affordable-shopping-2.jpg,
80,https://fujitecvn.com/uploads/project/2_1.jpg,
81,https://maisonoffice.vn/wp-content/uploads/2024/03/4-khong-gian-mua-sam-dang-cap-tai-sc-vivocity-quan-7.jpg,
82,https://dichvu.esmart.vn/wp-content/uploads/2022/12/toa-nha-Diamond-Plaza.jpeg,
83,https://gigamall.com.vn/data/image/gigamall%20bai%20viet/Nhung-Diem-Doc-Dao-Tai-Trung-Tam-Thuong-Mai-Gigamall/ANH-3-DAN-DEN-LED(1).jpg,
84,https://mia.vn/media/uploads/blog-du-lich/estlla-place-gioi-thieu-1733673746.jpg,
85,https://thelandmark81.com.vn/wp-content/uploads/2025/10/mat-tien-hien-dai-cua-vincom-mega-mall-ho-chi-minh-city-tai-thao-dien.jpg,
86,https://mia.vn/media/uploads/blog-du-lich/thiso-mall-sala-noel-1733763556.jpg,
87,https://maisonoffice.vn/wp-content/uploads/2021/09/toa-nha-hung-vuong-plaza.jpg,
88,https://encrypted-tbn0.gstatic.com/images?q=tbn:ANd9GcRiFq5ss4T5yasuD6XBpc3qQnRfrlNU3MtBgQ&s,
89,https://live.staticflickr.com/8879/17220734784_f3ba75065b_h.jpg,
90,https://statics.vincom.com.vn/vincom-tttm/gioi_thieu/anh_bai_viet/VC-Phan-Van-Tri-9.jpg,
91,https://maisonoffice.vn/wp-content/uploads/2021/09/toa-nha-van-phong-menas-mall.jpg,
92,https://limkimhai.com.vn/wp-content/uploads/2022/07/UNION-SQUARE.jpg,
93,https://odinland.com/wp-content/uploads/2020/09/cho_thue_trung_tam_thuong_mai_icon68-1.jpg,
94,https://lh3.googleusercontent.com/proxy/Y2sR0-vrnU0AT8PPbQRSkKE8VeX3TuAdz5vCJoFTyM1aVj6DqmelWK_IFef4IkiBuCtLUVVR5wqUeekSp33A4KcOcP269Mvnlo5L5nMZ0rao,
95,https://cdn.xanhsm.com/2025/03/79e5e92c-toa-nha-the-garden-mall-thumb.jpg,
96,https://vietnamtour.com/images/Vietnam_Attractions/Saigon/Ben-Thanh-Market-2_1b3ba.jpg,
97,https://dynamic-media-cdn.tripadvisor.com/media/photo-o/0d/61/7a/e6/saigon-square-3.jpg?w=1200&h=-1&s=1,
98,https://dosi-in.com/images/news_content/22711/2020/07/06/the-new-playground-ra-mat-khu-mua-sam-duoi-long-dat-hoanh-trang-tai-sai-gon_2020_07_06_1.jpg,
99,https://danviet.ex-cdn.com/files/f1/296231569849192448/2023/12/4/emart-phan-huy-ich-170167072720972723148.jpg,
100,https://510cic.com/upload/sanpham/emart---phan-huy-ich-3908.jpg,
101,https://mia.vn/media/uploads/blog-du-lich/vincom-plaza-cach-di-chuyen-1756048657.jpg,
102,https://statics.vincom.com.vn/containers/uu_dai/anh_thumbnail/anh-1jpg-1763702702698.webp/66db224fe5d3a2ac6a6df68371400209.webp,
103,https://dynamic-media-cdn.tripadvisor.com/media/photo-o/14/03/31/6a/trung-tam-tm-vincom-plaza.jpg?w=900&h=500&s=1,
104,https://kientrucviet.vn/wp-content/uploads/2022/06/vincom-le-van-viet-5.jpg,
105,https://crescent.com.vn/wp-content/uploads/2025/05/khu-am-thuc-food-court-lotte-mart-phu-tho-68231f.webp,
106,https://cdn.vntrip.vn/cam-nang/wp-content/uploads/2017/11/kien-truc-cua-saigon-garden-hoan-toan-khac-voi-nhung-toa-nha-gan-do.png,
107,https://data.cyberreal.vn/images/office/quan-2-moi/cantavil-premier-building/toa-nha-cantanvil-xa-lo-ha-noi.jpg,
108,https://gcs.tripi.vn/public-tripi/tripi-feed/img/474645Zwi/rm9.jpg,
109,https://photo.rever.vn/v3/get/BOasEqKHithMxvzLwzX17xE_u5VO4zLKiAr0i3uwdAo=/750x500/image.jpg,
110,https://dynamic-media-cdn.tripadvisor.com/media/photo-o/1a/c9/c5/46/caption.jpg?w=1200&h=-1&s=1,
111,https://lh3.googleusercontent.com/gps-cs-s/AG0ilSw19MsZ0aBND4DyoTO37L5bo05TYbwkiaXYRh88fPLGzYCmh8XUdg2fshYtKbUp9oxhhwu4zHgJxhMSw3lgGf84qsEp1Ym110tIL8wIjDYc8I2-9BU-wOI4J1XZRnVFq9qz-lcCpaKD-De-=w224-h398-k-no,
112,https://lh3.googleusercontent.com/gps-cs-s/AG0ilSyZuFSNxqxsRyPD22CjpX5FQxk53KorIwOXIRkO08TPCPaU8hp1GcrhP6X7Vv9_uAJo03YpOp8Af1AVGMpgrK0rqwwDWDr5P26nU6qNkCNbgZCP1tZB07lFTyITLHibGt3oGlsE=w224-h224-p-k-no,
113,https://cdn.pastaxi-manager.onepas.vn/content/uploads/articles/lent/amthucquenhathanhthai/nha-hang-am-thuc-que-nha-thanh-thai-1.jpg,
114,https://lh3.googleusercontent.com/gps-cs-s/AG0ilSx13AwrdiNUUftgKJR0AsN6Ku0UiJvI6bHEn6dQQIBExZcGtxFFBhJhNLavdLXu031R7kfiTdTxU-ptokGsAgytiOKQOAtuuoEo1qV2XUEK43xhpAgLM_Y9RDd-tIUAxMz6ulMZYA5mKZEV=w224-h224-p-k-no,
115,https://cdn.pastaxi-manager.onepas.vn/content/uploads/articles/S%C3%A1ng%20%20Mkt/%E1%BA%A2nh%20%C4%91%C4%83ng%20T11-2023/Qu%C3%A1n%20%C4%83n%20ngon%20S%C3%A0i%20G%C3%B2n/quan-an-ngon-Sai-Gon-banh-canh-ghe-muoi-ot.jpg,
116,https://hoangskitchen.com/wp-content/uploads/2024/07/6.png,
117,https://lh3.googleusercontent.com/p/AF1QipNHinQsR9QmQM343bma1QdqUm5q0Ag45oMp66BV=w224-h224-p-k-no,
118,https://static.wixstatic.com/media/4013cc_27dbf4e977bb495888ce09a67411a88e~mv2.jpg/v1/crop/x_180%2Cy_0%2Cw_1080%2Ch_1080/fill/w_320%2Ch_320%2Cal_c%2Cq_80%2Cusm_0.66_1.00_0.01%2Cenc_avif%2Cquality_auto/IMG_2783_JPG.jpg,
119,https://dynamic-media-cdn.tripadvisor.com/media/photo-o/2e/21/76/d2/dining.jpg?h=500&s=1&w=900,
120,https://mia.vn/media/uploads/blog-du-lich/com-tam-ba-ghien-13-1729128577.jpg,
121,https://dynamic-media-cdn.tripadvisor.com/media/photo-o/31/70/a2/bb/caption.jpg?h=1200&s=1&w=1200,
122,https://cycloresto.vn/wp-content/uploads/2022/06/cyclo-resto-restaurant-in-ho-chi-minh-city-banner-2-1200x800.jpg,
123,https://dynamic-media-cdn.tripadvisor.com/media/photo-o/2c/60/d2/2a/welcome-to-v-sai-gon.jpg?h=500&s=1&w=900,
124,https://www.vibrantlyvietnam.com/wp-content/uploads/2019/07/poke-saigon-restaurant-review-ho-chi-minh-vietnam-poke-bar-2.jpg,
125,https://mms.img.susercontent.com/vn-11134513-7r98o-lsvgeehr129wb1%40resize_ss1242x600%21%40crop_w1242_h600_cT,
126,https://homevietnameserestaurants.com/wp-content/uploads/2023/09/HOME-Saigon-1st-floor-Interior-scaled.jpg,
127,https://live2makan.com/wp-content/uploads/2022/09/l2m-vn-2207-cucgachquan-16.jpg,
128,https://lh3.googleusercontent.com/gps-cs-s/AG0ilSz6UOvpok3GAb_NhymOxIhpkzBDRpmkklWNmy9TEyzw-HXcwiYUpOV-vBZP0ZvYb-n2ZTsNVOMJ0ZBlRTdFvL_oTUCvvfpohdFx098EKXyojoi6cIoWvmGbmiNtXL0dwHNdb2ePaQ=w408-h544-k-no,
129,https://lh3.googleusercontent.com/gps-cs-s/AG0ilSzqkd-ZFtDgz77SiDo2qc1pgVzLGFDruhWP3-jRV3_LssFVXJ1i-LGAQ28bEF8JmPl147IIFV4U-FL1BSG7jf6HVYW86Tnvy28fHaym_dJ1MiVNL59gmCSBxCLw5_vnE4RhuFY=w224-h224-p-k-no,
130,https://lh3.googleusercontent.com/gps-cs-s/AG0ilSwJ0vpzjBzrsRV2BBxdOPiB3iH3mlUZxONa2zkvcLvVq-pIW5bpWvt_f7ODxMacsWdyzwcFWgaVvSmNlmCCfdvqhIv3o-nK3Uo1Goj7xXpAOMjFmLu4RJn3g3pe-dKQpiafcU2I=w224-h398-k-no,
131,https://lh3.googleusercontent.com/p/AF1QipNlaWfDS62JyJYujNzFqx6MHX1VohEQ1-8SpGTk=w453-h240-k-no,
132,https://lh3.googleusercontent.com/p/AF1QipNnffFAb_Z5i80jLNI3RKpZXLSEQVH1SieDDydD=w408-h272-k-no,
133,https://lh3.googleusercontent.com/p/AF1QipN8lmOlRYi5ofwGP6zKi85JeJG_V_Fw3G-VJUfG=w408-h306-k-no,
134,https://lh3.googleusercontent.com/p/AF1QipPIbEr58QHYiI_h3yK03xXKeq1l6wqPhyXbSHsd=w408-h272-k-no,
135,https://lh3.googleusercontent.com/gps-cs-s/AG0ilSxBadvL2Gt0jFHcFG-GGRU7a-ioHt02eVJ8g1ARE9LSe1_v8LHE2H5tiyIpUvSYWoIHLuNFnE52L67muyLwSX3NKe3bZeQ_vXQMSIqSCx7k1VA8UuX1p-tqeJ2PCbBxGZVYpFqH0w=w408-h544-k-no,
136,https://lh3.googleusercontent.com/gps-cs-s/AG0ilSzOyfDjzjw_HwwUGTNLbrtzOXyrRzNxd1uUhJNXc4vSFI2ykJEj6rL5hNuG5rXc4G2HL2ZkN7wHKaLrI_zMSX6QjYNN02F2WsZ6jCZNrs9IoBUdVAqPKqbNrY1usk_t2g9PeGE3oQ=w426-h240-k-no,
137,https://lh3.googleusercontent.com/p/AF1QipND6H4yexppN3bV54HT78nzeYyUfAtLfmq3nHM=w408-h272-k-no,
138,https://lh3.googleusercontent.com/p/AF1QipOOEQdQHPZOG30FSaa-FUih9D1-qahuCZVrF871=w408-h306-k-no,
139,https://lh3.googleusercontent.com/p/AF1QipNYc9qlp1ceezD1eVKBt0VvFEToF5gFgL20-w4Q=w408-h271-k-no,
140,https://lh3.googleusercontent.com/p/AF1QipNBZZ-2VuFdzpxBQ93Dg1ZdgicdmB-EuJf80VSD=w408-h272-k-no,
141,https://lh3.googleusercontent.com/p/AF1QipOFnAYW6CNz-qreCcSkQKxHegvql8wrkhpOThtf=w408-h271-k-no,
142,"https://www.google.com/maps/place/''NAMO+Modern+Italian+%26+Grill'/@10.7742304,106.7007017,3a,75y,90t/data=!3m8!1e2!3m6!1sAF1QipOoFq6RFhTshQPkLStay0QHETZ1qDSOGLgmr2Gl!2e10!3e12!6shttps:%2F%2Flh3.googleusercontent.com%2Fp%2FAF1QipOoFq6RFhTshQPkLStay0QHETZ1qDSOGLgmr2Gl%3Dw86-h111-k-no!7i1078!8i1394!4m7!3m6!1s0x3174d5e8e60abeb7:0x5050ee9b973ade27!8m2!3d10.7743611!4d106.7005507!10e5!16s%2Fg%2F11wng4nv88?entry=ttu&g_ep=EgoyMDI1MTEyMC4xIKXMDSoASAFQAw%3D%3D#",
143,"https://www.google.com/maps/place/Food+Trucks+at+Nexus+Square/@10.7793151,106.7069729,3a,75y,90t/data=!3m8!1e2!3m6!1sCIHM0ogKEICAgICjuoaolgE!2e10!3e12!6shttps:%2F%2Flh3.googleusercontent.com%2Fgps-cs-s%2FAG0ilSxufdTpsG63yfSfh7m0PRQcRPi2cNKlRvhKTYcyRZkFwjduZX64BxmIZPpH3YRfDfsSiI2K0CLjTwxoSMrjk3fKRXvQxJr9FZH3Hr17VsI3fNO0nRazMkTMSqDam_VSorJX59we-g%3Dw224-h398-k-no!7i2160!8i3840!4m9!3m8!1s0x31752fedb448cee7:0x772523743bdb75c7!8m2!3d10.7793151!4d106.7069729!10e5!14m1!1BCgIYIg!16s%2Fg%2F11vyy3_t3t?entry=ttu&g_ep=EgoyMDI1MTEyMC4xIKXMDSoASAFQAw%3D%3D#",
144,https://lh3.googleusercontent.com/p/AF1QipM-NgmBTt7TDqhy3M0TI7Z5IOgcKswtYSAx8G7A=w408-h306-k-no,
145,https://lh3.googleusercontent.com/p/AF1QipOsZutU_ziwP3zobHv24wJ9ya4mgP834KYwzCTU=w408-h544-k-no,
146,https://lh3.googleusercontent.com/p/AF1QipN8gr_Mh9owu8RjAbt7h3dRUZXJ0R49elLTq-2P=w408-h725-k-no,
147,https://lh3.googleusercontent.com/p/AF1QipOMSqkcivvaF-Zejx0_HHv5gc-dOi0tpGEKZcTn=w408-h544-k-no,
148,https://lh3.googleusercontent.com/p/AF1QipP9AMkWvSxjnCUIUxWrGO0qMdOOcEXnvNT_GL0N=w408-h396-k-no,
149,https://lh3.googleusercontent.com/p/AF1QipPXEoWNWgvxW5vwisb9tjscw5_9zjxDhjZ4PlfC=w408-h408-k-no,
150,https://lh3.googleusercontent.com/p/AF1QipOy1D6J0zoY8Ikx7sKlICaBvFo03I8TQe_ywrlp=w426-h240-k-no,
151,https://lh3.googleusercontent.com/gps-cs-s/AG0ilSwsWgIcYkhHxxfwpGPgq-CVX9Un_A06ukcTiJ5yRPk-NSrMoP__PpRfAE97U7CYYHDziI353IJjOLkLPJSt7yVI7-lHwTyVGv_o5sWScFcwNrLoT28nJuzEJDiacsh7cI9g7RO5-cSyXa2g=w408-h306-k-no,
152,https://lh3.googleusercontent.com/p/AF1QipNyQCWAji-Io9A506IjZZ5lvy98dAAXIUl3WaTU=w426-h240-k-no,
153,https://lh3.googleusercontent.com/gps-cs-s/AG0ilSyf3GwsKM0csBVRRz53t2wdyYU73Lt--pseipbMKghq2qx2N_VP3HROyFixvKxS8p5IIHe4ZcL5VbU4-N8vnKHj95MJvMZoFF31BNnQcel8eEzF4WmEOaFrNZ8lRkNjGCHKtcvk=w408-h544-k-no,
154,https://lh3.googleusercontent.com/p/AF1QipN0Yi7ciRIJ_Mc4U_VtGD5omEgw_UfCIbObvymi=w408-h272-k-no,
155,https://lh3.googleusercontent.com/p/AF1QipN_2N4-aeTby9EnJjx7PfsSHn9-1jiZhZYYAa9y=w426-h240-k-no,
156,https://lh3.googleusercontent.com/p/AF1QipOo7wWGUNWKBQ0490artBiOcGOZJG2uuiHOR4s0=w408-h725-k-no,
157,https://lh3.googleusercontent.com/p/AF1QipMd6BrnJ6Fyh7uf55MM4cNuLfk_pNJYbKFPZgG2=w408-h344-k-no,
158,https://lh3.googleusercontent.com/p/AF1QipN1mRrRnA__KHDErDRp4G9mCZdQ0GevAS9AAbFI=w408-h612-k-no,
159,https://lh3.googleusercontent.com/p/AF1QipOcdPmd1UnxQCjTRfsas78n7-tzRpwRLoHnK6KK=w408-h610-k-no,
160,https://lh3.googleusercontent.com/p/AF1QipNarQpjDgg2OxfI-8YqdsxooDIJi9-DoYRFu7fL=w408-h271-k-no,
161,https://lh3.googleusercontent.com/p/AF1QipNeM9JCtD2iyVHDuQe8T00phUm2sr_jfq-zyK8G=w408-h612-k-no,
162,https://lh3.googleusercontent.com/gps-cs-s/AG0ilSx1t8J_nOZnkWDbBlPxB_xCBeSlBrNCw8G2Q6_QO0Z9bESPyMifmFjjgirxU4mcoRcSQxPS0FV6XxWvAgUYFnx7jg2Oq71Hgq_YhKFD9UR-pBxggo7yWvUgAuXsGwhxbQAF_I4q=w408-h544-k-no,
163,https://lh3.googleusercontent.com/gps-cs-s/AG0ilSxdwXLv5TjJWMsVrnZZnJK3KkRxQTWLM020Hcz2NJnBq6nzfV632ivjiLSEbPZYge7jwbB9JeO-rL_pTEgM_hyQiBmfi5LZGgXTgIQnD-ZAsWs6PkmlINee2O0gvb0G6AcGfT-IGQ2DyLo=w408-h544-k-no,
164,https://lh3.googleusercontent.com/p/AF1QipNHMjLykWk5jVVO1Q6j2LrJLDbtNEvmEibrPu1B=w408-h544-k-no,
165,https://lh3.googleusercontent.com/p/AF1QipM5ZwlF50guBzPDjjZR5IQ3K3PK8KfNCzYH0Hnu=w408-h271-k-no,
166,https://lh3.googleusercontent.com/p/AF1QipNhbGq5r5fE5RvJ3qR9RO74sx0_wkuyqjuB51ne=w408-h544-k-no,
167,https://lh3.googleusercontent.com/p/AF1QipMxqRxL_8HJBcogdmsgy5oBrbiICIAp1KC89M3P=w408-h306-k-no,
168,https://lh3.googleusercontent.com/gps-cs-s/AG0ilSyaNpz9rfeUf1VoRNhvgwuIalOj-9M8rrXwEqv-Nbc65WsMFFj5Mx8_Hor8Db3eEsSRwlt-nAuogkxpj1wMj3JQkocFlPvQxC2xzNS_vy5B1ddwr3Cpa7LP7KvO3KsEaBeDUKfQ68Cg0mtw=w408-h544-k-no,
169,https://lh3.googleusercontent.com/p/AF1QipMg5HfGR33UMBIBUam36jLtgdNTYs67HQroLfLr=w546-h240-k-no,
170,https://lh3.googleusercontent.com/p/AF1QipNhh60pHGLc-0a4KG3bWktkrTVwiZdTtsTtoo6b=w408-h280-k-no,
171,https://lh3.googleusercontent.com/gps-cs-s/AG0ilSxFMraweLQRYLrwbYihlu4I3Euya-fUZAJbQMwLkcnsSK7mdfvUA9Wf3ou8TLDqP5UtDkjV7J2g507zrGrw4rapUKviry07dmTtUQ96DHCFGiX21sa38H4xKOKCz7LwNiNkiOoaKsnXggJd=w408-h544-k-no,
172,https://lh3.googleusercontent.com/p/AF1QipMnqBdd36MbNn0fv_rCpL8kHHUhGxZInJuerhf8=w408-h725-k-no,
173,https://lh3.googleusercontent.com/p/AF1QipMNIqKzy6H6Yhc8xh-xlB6mq6sbCgySFWzwKSVo=w408-h306-k-no,
174,https://lh3.googleusercontent.com/p/AF1QipNR_cMWSA1cwVdN3Yr7uw0s0ZJg9aQBR9KQmvkZ=w408-h271-k-no,
175,https://lh3.googleusercontent.com/p/AF1QipMDItjv8sr3TkAVt3-hyseefpi_MMDzRbt4y0PY=w408-h306-k-no,
176,https://lh3.googleusercontent.com/gps-cs-s/AG0ilSz5OQgP3--c5wnocXq-ndExHHbvMvnw_OowahE2X0OAghkQ3XrQTvJ3JLZs3Lhc--MMw5wkxSqU5T_Zoahofap69PlK7XBCzqXhsUjk1oSXMQhFxNWXs7KVB5qj-IE4W3dgQBnU2w=w408-h306-k-no,
177,https://lh3.googleusercontent.com/gps-cs-s/AG0ilSyYP_XD2Zq8wJBC4Va6Zn-z2oBAdjY_8CJKIoavyzW6XM1tLuSvVL-e28AhfuhavZ4KNoz_mJyhWVgvGvHb1E-Cy8ovhSzMCuP-rPG_bmzWFG__ZE28AyE0fWkx_3r7ATtwhPcd=w408-h728-k-no,
178,https://lh3.googleusercontent.com/gps-cs-s/AG0ilSxafSRKkqFWzQ2m6IbgDDpBUygn2okcojgRioHg3VnBbc3b3ofOWEAZZ7pW1JNieDD1pvLpr-bYeWIB8T_k1m4K6MjeoG1JhJgTGCxHO2U9MiPGL69R6japJsrqzf8j6-SinhnGGi8AZiEr=w408-h725-k-no,
179,https://lh3.googleusercontent.com/p/AF1QipPHrA4CDJp7xnVrSl1RR3mK6-iwGULC9wyLSblg=w408-h271-k-no,
180,https://lh3.googleusercontent.com/gps-cs-s/AG0ilSwkjUg_EBpr9t81fW88Q_ZWc2cS2aGhXkGPSY28JlU7ovQ6AYq_q69OnnCyZ3lJIpNYgTANr5JFW1n1mlGXJH9L67EzL3mi_Ho6KW9TWVLyP-L2uB5QLqrcD2jUveqhq4qwBPT-GYvLZN76=w408-h306-k-no,
181,https://lh3.googleusercontent.com/gps-cs-s/AG0ilSyEGY0qBJzhzg5Xc_SH7lX9h9giHB5R3XMD6S4i_3okT5n7zqb7Tl9ZoIy4KMFv8H4YGEjiRvihkRsRosr6LOGXQDmIU4hAIk-_eZ3B5NqbYmTqKk15VCG6d3shmW-tjOsRQdUs6w=w408-h544-k-no,
182,https://lh3.googleusercontent.com/gps-cs-s/AG0ilSyUVbLfzn33EIAM7BlJivZLpjNpKj7PiguOCPToeOzj4HA6BsMYPWtZ8xuN3uJYTlMzFDJtAYvdO_3svw7pwmx8hdNxYRuQLzkM-XkXUh-gX67Ooo3qlDGC1_-ePwvT33eb6QgN=w408-h306-k-no,
183,https://lh3.googleusercontent.com/gps-cs-s/AG0ilSwS1BUcTRLilP1fwl2j7-30vC_tNO-2zTws69aNQH67Ls1fPxSjo7b4LrmBLdw7zDhX5hbyNzu-JsxbJuIuszT3M1sp4p3wUmj13cRISnu7bNXQc6l5omSJQ2s2M_X_ZSTDu-GaSQ=w408-h306-k-no,
184,https://lh3.googleusercontent.com/gps-cs-s/AG0ilSwoViAnrYLwCyxMXGlW2QqCSq_XwdsuNFW6_RpjfYEf_b8b5QyTyOojWi6jEgP0WV_oFhIAE543dyE0R5VfQewjvi183DBaQ4QUKPI2ABdVTCUPDXRe8N8bwD_eqywhbwXOc10XFW4XAGgW=w408-h544-k-no,
185,https://lh3.googleusercontent.com/p/AF1QipP5yKUyO4qw3mqo9yoHr-9ubMy7ldMZzX1Kc3z_=w408-h544-k-no,
186,https://lh3.googleusercontent.com/p/AF1QipNgCwMHxiHbdtoQUJvAKObjQ45-ZG9w_ikoQiPO=w426-h240-k-no,
187,https://lh3.googleusercontent.com/gps-cs-s/AG0ilSwvnPEHBeVTJan6QGfno3ylYykKULdw6dDmaWK8ty8qQ7eqgihh7uuT9k4YktvDMopHAjB_CBLavLUu8jrtamHNeMhh5VSbsF_kOe3pzmnzl_PyftSc77fMUu51Hknh7gqcXseF_iZxBxQ=w426-h240-k-no,
188,https://lh3.googleusercontent.com/p/AF1QipOnqWlzGrXfNqmJpvmIh5kb3J4Py_t-BYowxCgL=w457-h240-k-no,
189,https://lh3.googleusercontent.com/gps-cs-s/AG0ilSzt-L_2bRIh5_z7Md3i1nSu4FUKK3-hJED4urQAqL-etc5UVLZYdMEMJoKbAPvLZs18CK_NtXmQZaTr_DPA-aSQpDVYyhwTheVVF3ekb2H8KiCkf8jI22_JbUfdzXM3ZcrvRG8_Ew=w408-h432-k-no,
190,https://lh3.googleusercontent.com/gps-cs-s/AG0ilSzuRsj0peBKID1yX08vI23nG1BviEjPfiVXxlXvK8RUEET5f05a4IBER_-gZwoFBIHxkANu7EOUIF42SDZ51PYTMJ94njdapNUM5IhFwBu_Ru8APWP-hoY3EEkA90sirStc0S8we-bVaZvK=w408-h422-k-no,
191,https://lh3.googleusercontent.com/gps-cs-s/AG0ilSzXOlGWOezgDAyjpg_81hbM9D3_9OqUQXQMF9XuqjmB4kYK7RrQGifOCvdyJQc7LGHxOGl3Uil_1Jv6FmawKWvPRRlIfw68J2OiEUY846TPszPA_AX-nNe7gYAsj7hL73dcUdacRA=w408-h544-k-no,
192,https://lh3.googleusercontent.com/p/AF1QipPKvZoqBDtgPN4aAr7X6HUZ8Dr7U-vikVHfy9QF=w426-h240-k-no,
193,https://lh3.googleusercontent.com/p/AF1QipMMubopdWPhtgFl-KuWaxt93SC21UBNeMDN_05B=w408-h725-k-no,
194,https://lh3.googleusercontent.com/gps-cs-s/AG0ilSzQrpdfQFLaeLiUtGl7eeZ_HW2Q4RZOw9JgXe5LuIBlBwKFx6lUl0Gq7aQYdhJNTSK_uV6KiGqG9Ewn_dbBgQI95ynTxXgF0mSUI2zKoiqosOCHW27mOra9ejF0qyPgErp-jXkXPw=w408-h306-k-no,
195,https://lh3.googleusercontent.com/gps-cs-s/AG0ilSwiQyjiEuDjK5NT1O6Uh8MsnSk8OHpysHDo_A6EUrGwb6wBMB3BbHGcjH6ZHU-Lm41Ty7kJYIywIAUEe0vI-zzufYPbxWfB0DCFCKooGpNXrl7GyN1wSCdPMShk4DVNedmHLOplwmHjGFs=w408-h306-k-no,
196,https://lh3.googleusercontent.com/p/AF1QipPvScXcF__6LHmm89oULYtO1L5RlBlaOwVD-nsO=w408-h408-k-no,
197,https://lh3.googleusercontent.com/p/AF1QipMyiVDVGOwGUfFPo9hbXM5EagGI7yR7BBuXbfnd=w408-h272-k-no,
198,https://lh3.googleusercontent.com/p/AF1QipNOicZDY0k8J9AWrsEDRSeVJJ_qI3-pqBT-Ei61=w408-h302-k-no,
199,https://lh3.googleusercontent.com/gps-cs-s/AG0ilSxNMTa3vJO64ZMbvgT-195umIf2wlDg2rlf1asRWtjDxbixeRPnmWDN9nvbRa0_5cez2doKj4Qe4EDSCqLJ1peQWduc0BsWHFXkd8Z3qEEoyOko3pcyMPPPOD2V7qdF5cKF9qEyvtiE1qPC=w408-h544-k-no,
200,https://lh3.googleusercontent.com/gps-cs-s/AG0ilSyZKdMBu0upCAW6JH-eoWH5Qi8-ZpStUV222iJip4yJluqLvuMC0QWWxHfTDyCw8ExfqXRDRC_AZOsh0b7edmhkJQezbs1XZFlIt1K6SqcoOP-18938OKbbW2jQzqHURjlpHlDb=w408-h306-k-no,
201,https://lh3.googleusercontent.com/gps-cs-s/AG0ilSwm4ESFHraleyeFV89J-rSfA7dNtcO3QQUafghC9ohT8gNF_4shLq3pdDJhcfXh_-DrwGcK3DBKy8DyzB1mqvXYvAnQJa6iLa_VU2vT2rOdYdYalMZtU1-8OtzHHJvII_M25pFEYReFHS0e=w408-h544-k-no,
202,https://lh3.googleusercontent.com/p/AF1QipNCnQegHInUxShb7ZuFbXJjctsmbSsEKc9AYVfM=w408-h544-k-no,
203,https://lh3.googleusercontent.com/p/AF1QipPqBffZuTIqiZvCiOG-CGnfY6p1SsbEJn1T9-oT=w408-h544-k-no,
204,https://lh3.googleusercontent.com/p/AF1QipM_waTa476DD-xN-1ryT_xoVKALhanUarBaKUHe=w408-h306-k-no,
205,https://lh3.googleusercontent.com/gps-cs-s/AG0ilSyCawlPmK075TihsePU01EfTathRMRuFGBDJRGV13NOgcE4vEqpbeIfffDp7V1Jcq5MdeDTy1aGXUM-sYl2smbH0IMW_O0VB5Jq-sLXluRsAwAij916W4VL2PkcU3eNhnOPNMo7IMLlLlA=w408-h306-k-no,
206,https://lh3.googleusercontent.com/p/AF1QipMbOobSmXggME0AkpUCbY5AYqpm6zEfHVk_FRg2=w408-h305-k-no,
207,https://lh3.googleusercontent.com/p/AF1QipPsXVbzOvdV1kdzcAbpiThcL5einmrtTyJ8ri1s=w408-h408-k-no,
208,https://lh3.googleusercontent.com/gps-cs-s/AG0ilSynOCv39Q7YL2LaVPNlsrlAua2zHLN__Ix8hHvzFx-ExvpGn7raPuCPJm3XxyBw6Kiky8g7Zn_mtkmuP1DdK1d4S2Z5jjRmrToKgaOsplSGTUbCHJFQPyXnpkUYKFcwBiGANBL1RS0MCJU=w408-h544-k-no,
209,https://lh3.googleusercontent.com/p/AF1QipOGKOmN8ZnmuYaIoEj1Mbmj0sgkM9FGjgL6COKA=w408-h306-k-no,
210,https://lh3.googleusercontent.com/p/AF1QipOW1NUj7-NQW72bNM_ogvJ1GGtieTLUe2-h-bji=w408-h408-k-no,
211,https://lh3.googleusercontent.com/gps-cs-s/AG0ilSwFCe5MtbZXkt2fAPaHJoD3pHa2vSTGetcxgEacw3RUP_rNET9-8QQJxYTGdpkCGqBxsscvfJbVXka_N6UZv9udwOwRVLsk58PebUtVXWWTjY4rspiZkfkEPQZINyVJ8Aiwf4IO=w408-h544-k-no,
212,https://static.vinwonders.com/production/nha-tho-duc-ba-topbanner.jpg,
213,https://www.vietnamairlines.com/~/media/SEO-images/2025%20SEO/Traffic%20TA/MN/saigon%20central%20post/saigon-central-post_thumb.jpg,
214,https://statics.vinpearl.com/dinh-doc-lap-1_1624804960.jpg,
215,https://cdn.vntrip.vn/cam-nang/wp-content/uploads/2017/09/1-6.jpg,
216,https://bitexco.com.vn/wp-content/uploads/2019/01/8.jpg,
217,https://a.travel-assets.com/findyours-php/viewfinder/images/res70/554000/554816-war-remnants-museum-ho-chi-minh-city.jpg,
218,https://upload.wikimedia.org/wikipedia/commons/thumb/0/01/B%E1%BA%A3o_t%C3%A0ng_M%E1%BB%B9_thu%E1%BA%ADt_TP.jpg/250px-B%E1%BA%A3o_t%C3%A0ng_M%E1%BB%B9_thu%E1%BA%ADt_TP.jpg,
219,https://static.vinwonders.com/production/cong-vien-tao-dan-banner.jpg,
220,https://encrypted-tbn0.gstatic.com/images?q=tbn:ANd9GcRMuCHtJlPSdcML4CmH7RAK4549h7Vl0GuxYg&s,
221,https://upload.wikimedia.org/wikipedia/commons/2/23/%C3%93pera%2C_Ciudad_Ho_Chi_Minh%2C_Vietnam%2C_2013-08-14%2C_DD_02.JPG,
222,https://static.vinwonders.com/production/pho-tay-bui-vien-5.jpg,
223,https://static.vinwonders.com/production/duong-sach-nguyen-van-binh-1.jpg,
224,https://mia.vn/media/uploads/blog-du-lich/vincom-dong-khoi-2-1733417434.jpg,
225,https://i.ytimg.com/vi/ln8wQt9uMTI/hq720.jpg?sqp=-oaymwEhCK4FEIIDSFryq4qpAxMIARUAAAAAGAElAADIQj0AgKJD&rs=AOn4CLCwXY40pTUQNVV-DJvO8biqu6JRSg,
226,https://cdn.silverlandhotels.com/wp-content/uploads/2024/09/ben-thanh-market.jpg,
227,https://static.vinwonders.com/production/cong-vien-23-9-banner.jpg,
228,https://statics.vinpearl.com/chua-ngoc-hoang-09_1630235939.jpg,
229,https://static.vinwonders.com/production/chua-ba-thien-hau-6.jpg,
230,https://cdn.xanhsm.com/2024/11/2973adcc-chua-vinh-nghiem-2.jpg,
231,https://thanhnien.mediacdn.vn/Uploaded/vuphuong/2022_04_24/anh-5-5487.jpg,
232,https://baotangphunu.com/wp-content/uploads/2022/11/z3869184694198_b202eefe9babd3a3fa1d27ead82f5561-1400x786.jpg,
233,https://media-cdn-v2.laodong.vn/Storage/NewsPortal/2022/8/16/1081609/14188302_95008208177.jpg,
234,https://mia.vn/media/uploads/blog-du-lich/cong-vien-le-van-tam-07-1700235502.jpg,
235,https://tgpsaigon.net/Images/Parish/P_Tandinh_TD.jpg,
236,https://upload.wikimedia.org/wikipedia/commons/thumb/d/d1/Ngh%C4%A9a_An_h%E1%BB%99i_qu%C3%A1n.jpg/250px-Ngh%C4%A9a_An_h%E1%BB%99i_qu%C3%A1n.jpg,
237,https://images2.thanhnien.vn/528068263637045248/2025/2/21/2e0ee4e0eb3d55630c2c-1740140283997795378918.jpg,
238,https://images2.thanhnien.vn/528068263637045248/2025/5/30/nha-tho-cha-tam-17486130693372146098740.jpeg,
239,https://mttqquan5.vn/wp-content/uploads/2020/02/3-6.jpg,
240,https://upload.wikimedia.org/wikipedia/commons/e/ea/Nguyen_van_Linh_tan_phu%2C_q7_hcmvn_-_panoramio.jpg,
242,https://cdn.vntrip.vn/cam-nang/wp-content/uploads/2017/08/cau-anh-sao-1.jpg,
243,https://static.vinwonders.com/production/viet-nam-quoc-tu-1.jpeg,
244,https://file.hstatic.net/200000288983/file/tong-hop-gia-ve-tham-quan-cac-tro-choi-o-dam-sen-kho-h2-min_8b26f8292f744e86af0402674aaccfdd_grande.jpg,
245,https://www.damsenwaterpark.com.vn/wp-content/uploads/2024/06/DSN_Children-pool_01.jpg,
246,https://mia.vn/media/uploads/blog-du-lich/chua-an-quang-3-1702515388.jpg,
247,https://owa.bestprice.vn/images/destinations/uploads/chua-giac-lam-60a232136c860.jpg,
248,https://icdn.dantri.com.vn/thumb_w/960/2019/04/25/landmark-81-sky-view-fun-fact-1-1556196909662.jpg,
249,https://www.vinhomescentralparkt.com/wp-content/uploads/2025/10/tong-quan-landmark-81.jpg,
250,https://cdn.xanhsm.com/2024/11/8d3ab263-chua-xa-loi-15.jpg,
251,https://media-cdn-v2.laodong.vn/storage/newsportal/2023/5/30/1198802/Z4390717256225_D6caa.jpg,
252,https://cdn.xanhsm.com/2025/02/bdc8c572-cho-ba-chieu-5.jpg,
253,https://ik.imagekit.io/tvlk/blog/2022/12/cong-vien-gia-dinh-cover.jpg,
254,https://suoitien.vn/halink-content/uploads/X2zsi1692236882.jpg,
255,https://tgpsaigon.net/Images/Parish/P_Thuduc_TD.jpg,
256,https://tiemthanhxuan.com/wp-content/uploads/2020/07/song-ao-o-chua-buu-long-7.jpg,
257,https://images2.thanhnien.vn/zoom/686_429/528068263637045248/2024/6/25/qtscfly-cam-2020-1719331753567756874534-0-116-1080-1844-crop-17193317630012059416698.jpg,
258,https://cdn.xanhsm.com/2024/11/c31f7483-khu-du-lich-binh-quoi-1-5.jpg,
259,https://binhquoi.vn/wp-content/uploads/2020/07/371849484_780080920790406_4172361914069255814_n.jpg,
260,https://binhquoi.vn/wp-content/uploads/2020/07/z4973833122173_b39866fd0dc679605d99807319c8f1a6.jpg,
261,https://media-cdn-v2.laodong.vn/storage/newsportal/2023/8/22/1231911/DJI_0749.JPG,
262,https://special.vietnamplus.vn/wp-content/uploads/2021/03/1301cuchi8-1610530367-3.jpg,
263,https://vietnamtourism.vn//imguploads/tourist/30Denbenduoc04JPG.jpg,
264,https://vcdn1-dulich.vnecdn.net/2024/09/26/CG8-2225-1727348123-7363-1727348975.jpg?w=1200&h=0&q=100&dpr=1&fit=crop&s=dUdUpY15UMg02eQJf8CVVg,
265,https://ik.imagekit.io/tvlk/blog/2022/03/khu-du-lich-vam-sat-4.jpeg,
266,https://static.vinwonders.com/production/bien-can-gio-5.jpg,
267,https://i.ex-cdn.com/vntravellive.com/files/news/2023/11/29/ve-can-gio-an-hai-san-re-bat-ngo-o-cho-hang-duong-164759.jpg,
268,"https://res.klook.com/images/fl_lossy.progressive,q_65/c_fill,w_1200,h_630/w_80,x_15,y_15,g_south_west,l_Klook_water_br_trans_yhcmh3/activities/ui5hd0yd1hdd5c59zuhi/%5BGI%E1%BA%A2M%2025%25%5D%20V%C3%A9%20Snow%20Town%20S%C3%A0i%20G%C3%B2n.jpg",
269,https://bluediamondluxuryhotel.com.vn/wp-content/themes/yootheme/cache/7d/saigon-outcast-khu-vui-choi-sang-tao-day-cam-hung-tai-sai-gon-2-7deb28eb.jpeg,
270,"https://res.klook.com/images/fl_lossy.progressive,q_65/c_fill,w_1295,h_864/w_80,x_15,y_15,g_south_west,l_Klook_water_br_trans_yhcmh3/activities/colyxxczrgdryw14nnef/V%C3%A9C%C3%B4ngVi%C3%AAnGi%E1%BA%A3iTr%C3%ADB%E1%BA%A1tNh%C3%BAnJumpArena%E1%BB%9FTPH%E1%BB%93Ch%C3%ADMinh.jpg",
271,https://cdn.tcdulichtphcm.vn/upload/2-2021/images/2021-04-02/mxh/1617361859-0-thuc-khach-tai-asiana-food-town.jpg,
272,https://mia.vn/media/uploads/blog-du-lich/skybar-saigon-view-dep-cuc-chill-03-1714802448.jpg,
273,https://baotangaodai.com.vn/image/catalog/web/about/btad/img1_mobile.jpg,
274,https://static.vinwonders.com/production/ben-nha-rong-1.jpg,
275,https://cdnphoto.dantri.com.vn/KPWrQAg6bTVhyZzA5kYhDfhmG34=/2022/02/05/32-1643995513032.jpeg,
276,https://images.hcmcpv.org.vn/res/news/2021/01/16-01-2021-ra-mat-khu-du-lich-mot-thoang-viet-nam-tai-huyen-cu-chi-C268F509.jpg,
277,https://kichcaudulichtphcm.vn/wp-content/uploads/2024/11/khu-du-lich-van-thanh-sai-gon-6.jpg,
278,https://bizweb.dktcdn.net/thumb/grande/100/101/075/products/khu-du-lich-dai-nam-binh-duong.jpg?v=1732780232450,
279,https://cdn.baobinhduong.vn/image/ckeditor/2025/20250405/images/z6472554838168_9bccae392e329ea8ecc1a93fff6ae824.jpg,
280,https://ik.imagekit.io/tvlk/blog/2023/09/lang-tre-phu-an-12.jpg,
281,https://encrypted-tbn0.gstatic.com/images?q=tbn:ANd9GcSJKfBRragzlJbMMypy15jucOxlUv3DvrDVRw&s,
282,https://aeonmall-vietnam.com/wp-content/uploads/2017/04/19-Interior-01.jpg,
283,https://binhduongreview.vn/wp-content/uploads/2024/10/nha-tho-chanh-toa-phu-cuong.jpg,
284,https://media-cdn-v2.laodong.vn/storage/newsportal/2024/2/21/1306634/Cho-Thu-Dau-Mot12.jpg,
285,https://dulichvn.org.vn/nhaptin/uploads/images/2019/thang11/avedepthanhbinh1.jpg,
286,https://vcdn1-kinhdoanh.vnecdn.net/2020/10/22/ec1-1603350907-1603350931-2620-1603357374.jpg?w=1200&h=0&q=100&dpr=1&fit=crop&s=q739TaqKzUg6GIYwUBiUdQ,
287,https://mia.vn/media/uploads/blog-du-lich/khu-du-lich-thuy-chau-thac-nuoc-1714139165.jpg,
288,https://cafefcdn.com/203337114487263232/2023/8/17/image009-169224121869792508546-1692266522075-16922665221611587542385.jpg,
289,https://cdn.vntrip.vn/cam-nang/wp-content/uploads/2018/06/pn-2.jpg,
290,https://bocapvang.net/wp-content/uploads/2025/03/cong-vien-nuoc-binh-duong-1.jpg,
291,https://mia.vn/media/uploads/blog-du-lich/tuong-chua-kito-vung-tau-tuong-chua-jesus-lon-nhat-chau-a-1633941577.jpg,
292,https://vielimousine.com/wp-content/uploads/2023/07/21-ngon-hai-dang-vung-tau.jpg,
293,https://encrypted-tbn0.gstatic.com/images?q=tbn:ANd9GcQ5OYFPGLAQIwV0b6u_eAyeCwqu89xrslbjPA&s,
294,https://vielimousine.com/wp-content/uploads/2023/07/bai-truoc-vung-tau-1.jpg,
295,https://palacelonghairesort.vn/wp-content/uploads/2025/08/du-lich-hon-ba-vung-tau-3.jpg,
296,https://cdn.digiticket.vn/Content/ShowFile/Images/03-07-2023/ho-may-vung-tau-800x533_1688379790.jpg,
297,https://encrypted-tbn0.gstatic.com/images?q=tbn:ANd9GcQPQS6ThIv0PiJ6p4MTP7tOqixZIoofEhtQRA&s,
298,https://vielimousine.com/wp-content/uploads/2023/07/3-mui-nghinh-phong.jpeg,
299,https://kingvillavungtau.com/wp-content/uploads/2025/04/ben-tau-maria.jpg,
300,"https://ik.imagekit.io/tvlk/blog/2024/11/cho-xom-luoi-2-1024x683.jpeg?tr=q-70,c-at_max,w-1000,h-600",
301,https://bizweb.dktcdn.net/100/405/413/articles/dinh-co.jpg?v=1732465930073,
302,https://luhanhvietnam.com.vn/du-lich/vnt_upload/news/04_2022/thien-vien-chon-khong-vung-tau-canh-1.jpg,
303,https://ik.imagekit.io/tvlk/blog/2022/06/ho-tram-vung-tau-8.jpg,
304,"https://res.klook.com/images/fl_lossy.progressive,q_65/c_fill,w_3000,h_1998/w_80,x_15,y_15,g_south_west,l_Klook_water_br_trans_yhcmh3/activities/qx1vxhaipojmo7uvkjdy/V%C3%A9Su%E1%BB%91iN%C6%B0%E1%BB%9BcN%C3%B3ngMineraB%C3%ACnhCh%C3%A2u(MineraHotSpringsBinhChau)-KlookVi%E1%BB%87tNam.jpg",305,https://lh3.googleusercontent.com/gps-cs-s/AG0ilSyxEzC1ejFuoqekx7XczRtJ17YRrpcHNj2ESyLCg-On9tJgcIxVOiuKUZ5pPPYdURIGb4IXgyNNXMWHlK_dAMRRwXj7ohnjq3X8bMvJFLd-EH12WhIVRLGyo7pAuxvVof7bFt7PDw=w2048-h2048-k-no
305,https://lh3.googleusercontent.com/gps-cs-s/AG0ilSylHBFWIvsIy4pRLq1Cjvasmktd7uP3bGOQDuN22HZEb3lxM6y2uojOm8WLMhnvRUJ6f9nbjJLw7KpNS7dvnlPBaOfQoncn_KiQAh_KGFo8oR3W3kVgJ4pCobJIu-v48YEe37v7TIKlOEIL=w2048-h2048-k-no
305,https://lh3.googleusercontent.com/gps-cs-s/AG0ilSwmMJUN5HxS84HC-WU0ycYnW4gwEUoZB6tb3_hMwJzPq2aDKaylqUa0bDJTfQgaltrMQEMdA1qdq5UI8VpAkcmF5ZfkIgiq82Y1CrrOqTgt_4sRie_-CDBHSMKc7-Y6Bn0mK6_QPgny8lwh=w2048-h2048-k-no
306,https://lh3.googleusercontent.com/gps-cs-s/AG0ilSwewxt2jmzRU2del2eLUOJLbmGTh2MTreeuw5iAxCy3zFRWp-gNgPejz9T78p4QAdV9AFh8ptByDAuOurq9SPL9Fug-VUxwx299h_r7ZWWurF4ONpE_B63P57Ngw9Ti4VS14cpSZQ=w2048-h2048-k-no
306,https://lh3.googleusercontent.com/p/AF1QipM8LvSSJNPTB3gib0cCs93U-tPV3O8ZMK_6ckGm=w2048-h2048-k-no
306,https://lh3.googleusercontent.com/gps-cs-s/AG0ilSwbHIYkW2Lck7Hzy5Xw7Ax3D2D7_M0fsOvrfqVdrcPQAC9DrVutCNyt4r3uZogftBHpQIkC-2B3bi9bYKgZyIwvknJ6c0_vvG3fDJGteS4JjPpUSiTQvbN205PWiGJ8KIYMhNsG=w2048-h2048-k-no
307,https://lh3.googleusercontent.com/gps-cs-s/AG0ilSwxPpuWSLYR_zvuglyBaRwU-m5iDiJf7V9GtEZ9u6AHGUvk65FJmcUYdhNkND5Qp0czoCeEMNmYTtAvxSvtqQ3Yp238MeM7kRbq-DcZ4jVw8ylvjIFcWMtCY_ut5ALRffRr8ZTbF0WKU_TQ=w2048-h2048-k-no
307,https://lh3.googleusercontent.com/gps-cs-s/AG0ilSw_21WYetjwgm2aWtnYmHQTyvUuf6xqeiq9VkhvKe1lm0pe6xN0AWVtfaw6J2LgwW2G8NZj7BTv_l6RmZPkadLsNxAmze3fN19LRtF1lYxFYktqz7zZX0UIzt5aiiSpJ-kqhViIvp9YFFme=w2048-h2048-k-no
307,https://lh3.googleusercontent.com/gps-cs-s/AG0ilSzz2gYwKEVvf6GWYC6fySpjYB76zZzT8M51uinPKAyWjIWonv6vMvQKctzfNw-vUpm5OXPAQQ5tLR0G_UJu2IftE8gDXpbehCxV0fU6NUV_oAU2xeK-LpedQ1cnBQSQNe5_Wx5s=w2048-h2048-k-no
308,https://lh3.googleusercontent.com/p/AF1QipNBKeDi4X3dTomaWtQsKOSwVqnnuGk6Bvy15Fw=w2048-h2048-k-no
308,https://lh3.googleusercontent.com/p/AF1QipPX___TPvl9J8lYsAbLD1jwMABza_xRI9VgGXU=w2048-h2048-k-no
308,https://lh3.googleusercontent.com/gps-cs-s/AG0ilSxjjTzmL2odbGpbvXyD8PlXqN6PcSXHaAmzgszKduN9YBmiWH0o_yDmDsgHnjidEQx-tGgsrSl_1-JQS_TsHQelENnFmqiPJMOnbNeyKBaPA7rbGz4TBtWuBzibEHAX--qCu9xdwQJzl24X=w2048-h2048-k-no
309,https://lh3.googleusercontent.com/gps-cs-s/AG0ilSx1Q3sHVtqasvz_CjplrHC0Vlt-nQlGjIp3aOk_BKN4K7n53XnVS6GgCXvw3cH7pZLV-Iv_hC2BIfm-a9rhrGnDJEnnYNAIlevA6EXk-WBw9qpUYIiIKnKpCO_60vqvTPFx2WlE=w2048-h2048-k-no
309,https://lh3.googleusercontent.com/gps-cs-s/AG0ilSx9A0F9FqSlTWjuT79NE5Gizwj38LmzvnbjtIssb9RZ1SNE7Ivp0SRbY-GfRbC9ufeGQBnNI0DHqGzaJHv0wrEqCzMYV7QY1iM5hbTXD2lh56-xY8XN15kZWEc3TbjM1iac_9p6=w2048-h2048-k-no
309,https://lh3.googleusercontent.com/gps-cs-s/AG0ilSwjyIJyf0icXQDwR90WFySFr1801QI7vkoh_3fyij2oeUuMce9AGzaIzmfEFeTif3dKYYh8a57QVhOOKv4J9dxOR_CGr3xdwCdZg59Ek_KXp01AOANi_ML0KzHnzNH8TrS4LL_X=w2048-h2048-k-no
310,https://lh3.googleusercontent.com/p/AF1QipNdnl5h5_BRG4AEJCypfTtLI7JD56vuW15MQb6I=w2048-h2048-k-no
310,https://lh3.googleusercontent.com/gps-cs-s/AG0ilSwaXKGLDmNSV1VrCs3tw9xmLNhmmBzdaKmvQshz1C6h0Hswhp5Eu8gx0LfJmC305lxz0mKAdzwIP-kPs5Pi-RJJXlXgvpYs74IQtUq7l7ml6W3tl8xMcB9AX-WgOiYb9nKooN_GhA=w2048-h2048-k-no
310,https://lh3.googleusercontent.com/gps-cs-s/AG0ilSzHRwkLPYntjwLUhQCghxd3LDJHExZkR834YecgaebYLs2EYkvkzf1dBoeSrRGSlCCVsHJ3fhuXlqgv2AN7kU57LCla06w58ddgPqfDiuKlTjvXyC5WbLPZxWo1KO3MobyKl2kRP7Glvb8=w2048-h2048-k-no
311,https://lh3.googleusercontent.com/gps-cs-s/AG0ilSyKITFhAGXsCEajFsckpwEnbgvyFlJToeet9kd_dTL-A26vRZgpu0-jSP4D8umfnSkrS3Cm3YEYggfJspJvSEaWLHyBysDWiS2WCn0L283ag0unMemvCQ_Omcm4ygTFJy_yT1ruacFztJBR=w2048-h2048-k-no
311,https://lh3.googleusercontent.com/gps-cs-s/AG0ilSzFr_EAksqXf6Qq-FDdp4RONOqVEBYjvWcBpJFt9OR6JxQ9iAUTP7UfkU6AjH8x6RTUhy-vvYAKLY3mlPHR243Z5nzkXpt6btooaWpb2GaGmGp5SFSc8e4Pm3upXMd0wLmBEKqo=w2048-h2048-k-no
311,https://lh3.googleusercontent.com/gps-cs-s/AG0ilSw2vHs8zO-_V1WGY9TB5-aml-gIsKx9D8pfUKGXIcVlXort8SRoVZ230iRcCb9588TlNBuFvSdSSEVnhyGAr6WuQbpThULgdNwEMVmHFwZbk5Yea6RTJ_b9mkmlbqgM92FIcgAgBRme0fc=w2048-h2048-k-no
312,https://lh3.googleusercontent.com/p/AF1QipOJ-7CR7bdtmdy2onK3I5ajVWnNtjpoO25mrHGL=w2048-h2048-k-no
312,https://lh3.googleusercontent.com/p/AF1QipO2t1Fz7afmplzG-Nt_yX5Af3Hm25XN3O4shz5q=w2048-h2048-k-no
312,https://lh3.googleusercontent.com/gps-cs-s/AG0ilSzR7Uqzfk_aGZlGVnA7f_M-jXoeaymFvAXSEb0_CZUQI17FPD2gK11X3O-s-ItrSfG3Q65CTqmpkh96MAM6QqW55CRnlk0XTBWqElnKNbi2V7zML78jFPDFfctWj6g-DwZl4Gu52xIf5-XG=w2048-h2048-k-no
313,https://lh3.googleusercontent.com/p/AF1QipPtsClBmK2x96diR99zfmes-_-Ogc_LEBpJsRNW=w2048-h2048-k-no
313,https://lh3.googleusercontent.com/p/AF1QipMrWiXUMKh-G5Nps25KsFzKTBRaunc9qmJ784nF=w2048-h2048-n-k-no
313,https://lh3.googleusercontent.com/gps-cs-s/AG0ilSxlzcXM5A8yb_sIwEkZAU7X_bXVdlX2ikOpOZYHEdV25eUky0fYCIc4VGot5jknTHZ6opX5cKehXbu6TpmAYC79Niqocxgwt8sb1q13HTMveGhfwaLnU530h_8_yYaRVqH0a9Ts=w2048-h2048-n-k-no
314,https://lh3.googleusercontent.com/gps-cs-s/AG0ilSxtn1MU0cFqL8A9WKv-7Pcf44NrYINAh7z5J4uMtd8gOzBDhKGOvGq116ThM4Pqz4-Sa-ADEgHCD1uuMQx7Qcd63iDo7KQYLZJ0jVFI4dVifpTUbEWji_cpgan_XrdysZXbm0zy=w2048-h2048-k-no
314,https://lh3.googleusercontent.com/gps-cs-s/AG0ilSxFnebeYR2xzI4qTuai1gomWtz8xmmKlVKh0dinmZb2l95RnK_XBmX1TG6MGWaz2GathpMB6PRhXOJvqoMcMynl4Soq1emMEmLe3NgvzqBcwNN6P0PAKXhLkPxdDKIkAZwBKVnPq4WiW0LC=w2048-h2048-k-no
314,https://lh3.googleusercontent.com/gps-cs-s/AG0ilSzighZpaPOC52VqSEkpHsLKCjhpvkAwsg2M0Mp4pgb7p-diCI4iRexTKDdyhFZ2s5sN3CmIWoRGt5cHOgDMeE53t2rr-NX3WrW3ZOYIabZQBdz775cbABX-8cFpOh64Vj-igxUY=w2048-h2048-k-no
315,https://lh3.googleusercontent.com/p/AF1QipOUkxubQ15Uq23V4lVEism8aRPNeibzu_7yjO2T=w2048-h2048-k-no
315,https://lh3.googleusercontent.com/gps-cs-s/AG0ilSz48mAyNm1qyNEhG1q_hl8COm0uejR2DGtIIPdtxLxVZvVcVofLL_9XRRelk3mzqoPefE5SBjwyEIDNUUJyw4EmNmlQrHnTDtdvOWyCVgUIXC4QdYqXInKwq2gosa89fKM2BExGzvovnAhK=w2048-h2048-k-no
315,https://lh3.googleusercontent.com/p/AF1QipPAkozCdVLiEXFaNiccRuE4TCaugxXfQ9dvJsmp=w2048-h2048-k-no
316,https://lh3.googleusercontent.com/p/AF1QipMQYIJmG21OaXrmslgULxrhZ8IKc-aWQkE9BX-q=w2048-h2048-k-no
316,https://lh3.googleusercontent.com/p/AF1QipPrM_Fvh-dedJpXqK4yG8E9tttSAbLnOHsdJfJB=w2048-h2048-k-no
316,https://lh3.googleusercontent.com/gps-cs-s/AG0ilSx4-AtSYH9Ts1zN8zLXbkhvDO0D3pz97FTaTjNnTygctzObkd_XELdY_HDUIHH_XZaEf2c_MjWGqeLC19OiNilsgEqMSIaLdBKg1pMrmB-S7rXicpjEcVfBBNbKj3nz7RSHBjYrIGlWeJ2X=w2048-h2048-k-no
317,https://lh3.googleusercontent.com/gps-cs-s/AG0ilSzS_mrUi5EyPsZWyaKt8K-5n7zaK5jqJGFt-CwKIvfmMuZcL9z3nLi8fqtc8lgi1nwRu1ISyFkvggwmlFPFyGke-0YFRYgjuk53SDDTu8b9DLrKxhBZtc1bu4KrlTzfO0PCzRItS6arAU8=w2048-h2048-k-no
317,https://lh3.googleusercontent.com/gps-cs-s/AG0ilSxuhyTUMiSstWscsahDzZHizWeMfbevRxfDkDtyxisezQxZU41nwSSxh2Wfyjv4uclfFyFgRfo91Z0X47LYeJIgNCIy14Uwqh6fbjL9Hlqp5iawLUNb-fYxql_tpP9-0C1CFwW_PA=w2048-h2048-k-no
317,https://lh3.googleusercontent.com/gps-cs-s/AG0ilSy2CrpI8Eb-ivanIeCSJOsRMaNiWTZZsXS9dvu0zYcTJFjz0UWs3nzRMiHStQ1Qni8rlqtglgEvAUsuIoFldydCTrn3DMz45dA2Gs8eOnH2WqRm_Fzs11vRdXM3ttg5sU7a11qYWtcz9I7_=w2048-h2048-k-no
318,https://lh3.googleusercontent.com/gps-cs-s/AG0ilSwnJ62CdESUapPAtO7lh3SLD243AlTmjGDeT9IrypfakIszlpdgfgdGvb6uukgY-BY9KqRCS-pH5ItejU7mSSu1r-J61_fL_TL8HWkj9uH7_RskvgMcnE6FqpnFeagC252zRpKSgsdiUvcG=w2048-h2048-k-no
318,https://lh3.googleusercontent.com/gps-cs-s/AG0ilSyJzMC7K-PwbFv1Phkro7bKGK5b8qLDd1JXqAFlyeJi4IrE-L8_RBTElseGjPShTw_aZ8Xp7Ciy_h3Q6gsjcywXEpBTt6HQTkauHDLup24bVhmrrBFD5dgZ7VqTtAATvvOXGVQJIQ=w2048-h2048-k-no
318,https://lh3.googleusercontent.com/gps-cs-s/AG0ilSzHAhCq3fixNniK2C1AomSZhYZujQkHUQkSW6FkmfjPYs8Z0fS-qrnCqVqdFSTqQ7ABZ3CDKiC4NeLjVdFZTVEOKGdXVD060WTms5I5Hr9_nO_UWAaJbYoLwV9v8mnOLtVkDK4NfdDIISUh=w2048-h2048-k-no
319,https://lh3.googleusercontent.com/gps-cs-s/AG0ilSxxc1cN4HdEZaUD9cophL827W8ibMXvyG3aMtEQ7kgMlM97JSYzmXLTHDKzCoigA9qYpBTrlvA5cQVbnwnHy1hU_aTw5BrshxakpvxJwLMSRlVWiEMDyStQWVwmJqk36UPKRf9L=w2048-h2048-k-no
319,https://lh3.googleusercontent.com/gps-cs-s/AG0ilSzCei9uJXOnnnTErhbx7i584_RWbNJWYk_TWpmfTKcKdMYjVOP4FSUwRupRl85IERtXgzLiZiEpqioejZS8_kSQqlJdCXdn1ppwkb8DTDBmusJkfkekRbkjiAzxqCKDoCSYNDydK_1VD9s=w2048-h2048-k-no
319,https://lh3.googleusercontent.com/gps-cs-s/AG0ilSy5K3R9VrMouUa6jNA6fk1H3cLCo90pB3EEE_8OV6-BP31O1mHPZd8DLR1tnzjsrtNi1QMfkdprm9KIcvMeGO5BgXoi86RByHGG7eD3ijlLuaEOqi5RB6x8gFd8hDjNR685aekkSrWBsEvJ=w2048-h2048-k-no
320,https://lh3.googleusercontent.com/gps-cs-s/AG0ilSxPH-M4RkUwtxzCO_P154TDr34_Sx94d5WBsp_rTtAtu-3OALWfGNUWSdEMUkbMnIHfMLMyz3UmZUdOc2kXeHhYerBmkvaIkxRMahO2cT4G2k6R1j3051BYalx6XqB3iTiPM5FT=w2048-h2048-k-no
320,https://lh3.googleusercontent.com/gps-cs-s/AG0ilSy0Y8h7gGtG4dvyv7awJpVYbLFH4uGr0UifmPBsxzJThP3Y5u225ZKDSwRyyeiAY2GlZN3ucpmhYeVzWsXt56n-j4hz6ZVkNcFGbGKs5LyyVjSvZbsG1yBXUMjUWYO5OrGXmK-Rcq9oa--s=w2048-h2048-k-no
320,https://lh3.googleusercontent.com/gps-cs-s/AG0ilSyaRDemchkfPxn8Vbp2CpmFd4pfAo0z69d9ufzeRBop4w_oCmXQhVkwD98CltVt1XIV1u_373rFZitoAtVOEDi1fI7vODi8KIuqZQPCw9nAtkyU5U3n4KOkRqoW5CGvqhLgitEo=w2048-h2048-k-no
321,https://lh3.googleusercontent.com/p/AF1QipNrdz-kJYxui0B9MWXz8rmsKRWh-2DKur_M4PtQ=w2048-h2048-k-no
321,https://lh3.googleusercontent.com/p/AF1QipMqQ-1Fe061-rtpKC0kUmDsUjG25qDP1p1SxyYt=w2048-h2048-k-no
321,https://lh3.googleusercontent.com/gps-cs-s/AG0ilSxPg8YWvkFUQsQPi__jnQVcLufx668VV7Oq-43kH5886KHCIceZYStH-dgoUXzbfpm4fkx1z-q6sEwLyT0k1PItB6H4a9VmmAMiyv3G504Zb0Q7NhEiBfH_2uQBT0lAn6yBQuHxUt3HFAI=w2048-h2048-n-k-no
322,https://lh3.googleusercontent.com/gps-cs-s/AG0ilSxzVIaU5mYOL1219RFw7BFJkdSTtiaDNfTEirJiBiCEBLMcnmHjxgHSKZu1SOgM0M56yrUMI1N0VGFMkupXqeQ3q3-UIz43tluhRxIDy3PWn0q7PK0A_PnMClDxldQM4CxfabndysXpmK8D=w2048-h2048-k-no
322,https://lh3.googleusercontent.com/gps-cs-s/AG0ilSx14ZSt7wVnCwocU1nuGjygYDvIRj-8c0wL9lETCaYDs0QmU-qPAeNogMuhKAe51Kr19tHsx8z9SJZ5F3m2cy_oYGqKfGbud7VNk-pYUyioHP75usEQ5xBjJ9ejXkETRFmbjIFBQxB7tl4=w2048-h2048-k-no
322,https://lh3.googleusercontent.com/p/AF1QipPZqvAMyH_1Cg24p-YY0M2uSW4J4gOAO6PhR2zJ=w2048-h2048-k-no
323,https://lh3.googleusercontent.com/gps-cs-s/AG0ilSyg15kHmi1keMFAefQZzbXMZlskhUdxEP6YP3JQQVlFNMmgsNHIL8Cp3zfX5eSzThEBBdV7RqJjtfAz1RRMYCtpo8zOrFj75wMUnk_LwbItdKqzxHaVbXPX7hFs3uPe5JZBb3NMY-Jo9Gs6=w2048-h2048-k-no
323,https://lh3.googleusercontent.com/gps-cs-s/AG0ilSxaeiBAie-ZYGId5BOkSd1QqP2pF52g7C-RDTCfm_Dlg9fGByPqw2AHYGC8Y_4qerp3pNa4ySiu9sO5Pj66cDFJQgB1d9TrB4vdlznb9TerFJOJckvm93lgRG8_VLM02_YE8DW9LFipgQkZ=w2048-h2048-k-no
323,https://lh3.googleusercontent.com/gps-cs-s/AG0ilSwLkGkcglCI5vHB902_IlQrCEB41QqwnRh0ibFQxJQT7yJnbBTLwlUuIcYE50Rvdzfe7RaEh5PlUhxoCnV2a5kgEPUkVNGsrrrJi_3GmWFQ_y17L1xsA_q1owqNXRcvKj4ZczRXsFtm92nn=w2048-h2048-k-no
324,https://lh3.googleusercontent.com/gps-cs-s/AG0ilSxCBjUW79eKA8w8eQqpDaW1VNJNG_Bkqbawako4hRR7bzpHYp-TtJ2ESDd9ArDAk7JE4znhmnLoOPsQfvdW575GpGZ5dlauNpYNVsQeFpdoo0VHmII_501cY7PqrFB_bey9FyPtWQ=w2048-h2048-k-no
324,https://lh3.googleusercontent.com/gps-cs-s/AG0ilSz7JtkDxB3UWaoHdZJstrX_KcyfTy7njb-9ysvXByPJZ_L7Jgo_cHM6SronQ2qd42GBK20kQmAZXd7Y0dvlOJMwe9Gb9oyg1tJA-GBI8MfK3pUO89rJxsLANJ0Dund5l6gpc52Ef46xRBs=w2048-h2048-k-no
324,https://lh3.googleusercontent.com/gps-cs-s/AG0ilSzWsBv-NR3hwELzQqeLu31i_irDzi0yNiaYVxf6qxJxw3tK_N-JCZFR5H17QwrOd4Fg0kM5tJFfbRRi8pSRizcYJPgUhLLgCtzBd6P_bCde4RcVlALSwvxj_xUgkwCzGqiWORnv4FYYoHmL=w2048-h2048-k-no
325,https://lh3.googleusercontent.com/p/AF1QipNSigOFt6BWw_M2ZaPxYKIxw0PLJ1cO7eoL6kXh=w2048-h2048-k-no
325,https://lh3.googleusercontent.com/p/AF1QipN3jNN6a32tbBcFOsoYVeUX19mPKJXDVDxqoUIX=w2048-h2048-k-no
325,https://lh3.googleusercontent.com/gps-cs-s/AG0ilSy0XAvalHbxDkK4oSZsi8pmnn8Swl9kxzIC6-2DR5quU2Ku_s2RP-ZeoWmnCqr57MirozZ6DPsrOHpa-PbS-51-fRvxl576xz-u8dAb6msxWFib5IOPQGFJMyFom_nc-ByKq8Hy2SnDvaw=w2048-h2048-k-no
326,https://lh3.googleusercontent.com/gps-cs-s/AG0ilSxRt_L2pQaEkUFIR5XRA8XSYNIn3dzpPAgthdIskuiKX6VLrau49daLsRUAD1fpNmQHNByTuIky0hcEtL_DJEcgIE6E6ZxypqoYYuhL19HcjVzrkq8qNm1JXAiImGIqUJbWvLk=w2048-h2048-k-no
326,https://lh3.googleusercontent.com/gps-cs-s/AG0ilSy3l0hlM6tIB4qh94z1XEgRm2zPDMe0uUzwcGYjuXEaZCc64EwGThgZ_wEeYdPFntDmJjPdOss-2NPZJQbZFwyD-7EG7u7cAvodkD2h_HrwGMvYToEloWHaGsGJ978PMt8_9UsmYojtvBU=w2048-h2048-k-no
326,https://lh3.googleusercontent.com/gps-cs-s/AG0ilSwgwIJ9LYCMC_JxqGHglLHR_dJ8NvCjOJ_oZ7kr-Te0Ph5RwMxuVF-Tl-1X0Cci2peS5LoA_UODWU3N0NKGhvNach-khvQja-x7cluTWI9FC5RC0rSK190ZiMUBNFLfMqYjV1IvWfQTUHGt=w2048-h2048-k-no
327,https://lh3.googleusercontent.com/p/AF1QipNVpMvzY0B4NF-58HzI8YnPwar1kZx1ZY_mlKPx=w2048-h2048-k-no
327,https://lh3.googleusercontent.com/p/AF1QipMQ3JLZa71Q-qd7cbEMG1brJjGZQ3lEtdX_MaQJ=w2048-h2048-k-no
327,https://lh3.googleusercontent.com/gps-cs-s/AG0ilSz7gdz7OPIc_woUJmOwbIDV8ir_5Yb5oziStcRiIcDzZyf68we-4N6Cxi_PLwjz14iYnrrVy082qpC6pXiEoM2k-wRi4dxQmhpe93N5j58xfZE2R3i87556wYnHj9m0WnY4Eo69L7sYAjx8=w2048-h2048-k-no
328,https://lh3.googleusercontent.com/gps-cs-s/AG0ilSyuvq4uAaeQ6vacJHPAjOB_T9GXSQHtaPCmg8maXxxRQr50Vw_M6tVsAgW-A91OdO7YVgQ0AcyOWEilxE7-wd_OKKYCieIHTpGJcHNvNQ4fwCvkVlBrGIudScQj5L6s1v7Hh3VrOH7VdVz0=w2048-h2048-k-no
328,https://lh3.googleusercontent.com/p/AF1QipOyYWkCqxKCg6GWvsZdTohONJCsqlPAABFNqJNq=w2048-h2048-k-no
328,https://lh3.googleusercontent.com/gps-cs-s/AG0ilSyYsqFsBGimSMXf6RNyJDsJOSKID5qAkMnpS7SDs2w0YGdHejXTOi3BNIGY8o_VkNjSnzPLTuqyK9gU0bWCLeP46d8sl98XjLCOLNKVJd-RhhI0o07D2S1pFhLAmOG-QMLgCMR87fIjx_8=w2048-h2048-k-no
329,https://lh3.googleusercontent.com/p/AF1QipMFxzffzAi_wRNgfZ_toq7BjpBT1EUODRq0Agx9=w2048-h2048-k-no
329,https://lh3.googleusercontent.com/p/AF1QipOmIkuDju9zhvFpPOfHa-oZl_2mS2LGzQO3oXe_=w2048-h2048-k-no
329,https://lh3.googleusercontent.com/gps-cs-s/AG0ilSxdQYo1xP3mrVQWWw4AzWge34KV4PP_qWuKZxdnuhnfORDOFwhs9H22r4RY1K6HkAq-gsQr-sghaWdaU3SI1xDtDYn_vx53umIktDFVnxjyLdR2nAp3jcDMwQVErmyHrxUV8wwKmq50Wu17=w2048-h2048-k-no
330,https://lh3.googleusercontent.com/p/AF1QipOD1c4zcrvFzGnKKOBU5Ixd-FGMF6hik8jDaZS6=w2048-h2048-k-no
330,https://lh3.googleusercontent.com/gps-cs-s/AG0ilSzpdYtCF-a11iHucpMfJ0MQ22maj7a1XmdLeg-XgoBJ0n27XlkBLaIMy7UiY5y_Q-0gAlfpGLE8P0O2lsCk0yLXTcxBXBkzPKV3ETthNueZiY_D5wkqp6sK-8SoPWiFxKgUf23j9SHuRqs0=w2048-h2048-k-no
330,https://lh3.googleusercontent.com/gps-cs-s/AG0ilSyu5zNitooEZBPXROi5Oht9-KD963djgO5f8o94M08_VhUYBoRwKa39krLHzC9xzyT8jJpTypzWlJue98QuSdSzGrd5xrJAbAsaePkrX5XXE0wJV26R2cGgIEjATRkOWOVpal9vBw=w2048-h2048-k-no
331,https://lh3.googleusercontent.com/p/AF1QipPJLSHMnVQk_pKQJy1g3br1batNAZfBbFpyzE0=w2048-h2048-k-no
331,https://lh3.googleusercontent.com/p/AF1QipN-NtALI8mXg9w6kaWIl76mCWHpLmglv9bVPOw=w2048-h2048-k-no
331,https://lh3.googleusercontent.com/p/AF1QipPcXJ6ymkqK73zggCUkPO91nFL4gPJvQE--zbI=w2048-h2048-k-no
332,https://lh3.googleusercontent.com/p/AF1QipNNTiyCXKz2FjXX-vurMuw38RHoVK6al3iKFD_j=w2048-h2048-k-no
332,https://lh3.googleusercontent.com/gps-cs-s/AG0ilSxQY_rubhhLkbQvDGQCYa8r6Bme4lbgYokJHnDLA_GkUW4EznD5nYVM5ft9-y-AOf87i9H74IQ_aRuGC_8sRhzwGP8VZIYrrLF7jRyMFUryOg4FzA_7AVX5cWSuEm09tEulj_PxUfw-scsx=w2048-h2048-k-no
332,https://lh3.googleusercontent.com/gps-cs-s/AG0ilSzM-3sYi-KOFs1jOlNZZWUzWkV9epXFKWy1ifVTmxtAgin5mQ33LYGdQhv-HhTWp6rN_vqgydFWa4Hb1I55GcIua8LIeueWHe-GmSaVa8FW0xM6LhWYnoS6n1gQWO8RoHSv6eLn=w2048-h2048-k-no
333,https://lh3.googleusercontent.com/gps-cs-s/AG0ilSy-A5OgAu1iCgir3x74rqVGyCuD_U-h3jYvQOhvB9IiefkuzOm-0fNcahtSLZk-FYpX2CL-GbuJe2o_5iV4PzVfIrYv4sDa6RgdHJAPIcyhyiqR7ZZuZItl0SDK6GYTMZYJ_Db3=w2048-h2048-k-no
333,https://lh3.googleusercontent.com/gps-cs-s/AG0ilSykGJhiZeMgclrTx_wxo834pnKQ6tViH-kOS-v7-MBL3NNIyn-YZAyPFY0y1M9P0Jf3C3KGGtI-bJZUHl6TSkEsfCsFFuy6KepOD_818H2FKVyp6va7mjuWYTNBQCQGFXw7ZZl8=w2048-h2048-k-no
333,https://lh3.googleusercontent.com/gps-cs-s/AG0ilSz05LEHyy6JIcYvNGDENCTfftoLeezXXHudemLoG9F-2eUsOzRZaSdEEf3qXSn_3COQXeigztedz9A2geB9s5WpgKq4EEUav8YyLI14fmsnAe4PObOaHmGTZWWkWHYE0g3ukvOv=w2048-h2048-k-no
334,https://lh3.googleusercontent.com/gps-cs-s/AG0ilSyKk5cNIdMAE3-XqzgAKeJvdqSA977dKoF0QOV_jNn9eM992zdiIn1ioBadr7bJe3ymBORipUyJTMl3F8o2jrqrdnkZI8wbM1D1dole6HJjIjXoMvoBxVDCQSCMO7ipMRycCHg=w2048-h2048-k-no
334,https://lh3.googleusercontent.com/gps-cs-s/AG0ilSzHlKZUjxmUE4Ha6fcjlyIHroe5QxIcPIklFmqJzWdCM9XlHvErte-yqoazKfy3KcifHsH4OvCtM9ogKL3cCzvlpd0RMgwre2e_nEhGwU7ILYvpHTWLQjflmRYOudk5s6qRryE8ttvE6k4=w2048-h2048-k-no
334,https://lh3.googleusercontent.com/gps-cs-s/AG0ilSx4LMidiooqkIiJxZdi9dZM5XYjEcAaFS33ZMmA9Jxc_tH_BNjlNJKWbKA2HCn2tCWTe1riAR8jzPq2G-rKN_Kpk94128TA2dNeFblX9lOpVSOizbBfBRBhPyfxsL4t-mKSC0E4QmY8b_Jz=w2048-h2048-k-no
335,https://lh3.googleusercontent.com/gps-cs-s/AG0ilSxsbFaVUgT947XQpNj4dl_1wGAaYnv8Rta7y3LOCbPeiV5klit9fegKgiXGqwSyoEOpJ8RP1UwdiXtpS7NzCordV40FW-QQx5ecshp14Koh1KLdjZ9QezrLfqMepsHSfHilISTO=w2048-h2048-k-no
335,https://lh3.googleusercontent.com/gps-cs-s/AG0ilSwPwaLolzhREsHBdntX74YcAkot2ijOxMVU5gJGmXpGbOS3jEIIB0fWrCol_EfG-_xdoN_q91rMSQm9Ta3VDLuNIksFhBALbeHb2QQlhPwSGq-yLXsOyLWQ3jjnD5erwE7mdYALKHML6znq=w2048-h2048-k-no
335,https://lh3.googleusercontent.com/gps-cs-s/AG0ilSwT_AfYVZEQtZf_c44xMpBMXK63nSX3ZbDrQMRz62IRhtpcm3k9mzP2Haxslo7f60XeuI3W5WO4Qxcgh1Eo_r6Wp6mDs1HDzQ78zA5Klcd1Oni3DjbXP_B4_5DHxcueDYGyIJ_Y=w2048-h2048-k-no
336,https://lh3.googleusercontent.com/gps-cs-s/AG0ilSxsmLQU2gMbL1HObuxrIVEx01SAKHZfF-P895JspFtVnpMXD6K8JtnD7l7GGhFcN0MTKMPNjaUulVxtGZ78A3t9xCz_VIyj2vpSTbimmnnyLl1jtFM8Raj_dMg3sKFn4sfrEF17_w=w2048-h2048-k-no
336,https://lh3.googleusercontent.com/gps-cs-s/AG0ilSxqP7CGXKMfBVFRMFRe-O-HovKX3cMqjQGU5AvTEsJE2R8pvw1mBVdkMu5uI4qSk9WaXmBCLf2wDwPPjwzgHou2-3FRTbJD5U36VtNMlijciFygjZ5V4GvyH3b75lM4HmmlvTnqjdlvT4rO=w2048-h2048-k-no
336,https://lh3.googleusercontent.com/p/AF1QipMoz9PsS_K1CbSaNpd5bTr6bhAz7LMowfcV4aPn=w2048-h2048-k-no
337,https://lh3.googleusercontent.com/gps-cs-s/AG0ilSw3M6Tq9sO5poiawiGskI7B-QGd_TldQdUuZ7JU540XjTGmpuXcvrDB9CPHbuSJdE1kkDBSSvKKUe9VOnSXS3WIM29OcRt56gK0iZvX1k20jWKrV15EQV9zMQTr5FwelrVN6vepdP1KD5E=w2048-h2048-k-no
337,https://lh3.googleusercontent.com/gps-cs-s/AG0ilSzc5Xp3CKbvcjK8xW52f6NQqsnXE6GQu37JmlXRv2wY0w3i4DJaviO-CWnkq9fzfQuYMQhJ_E5s35WuRAUJyNSVHcP5u05RanpqzuBUwxgCVbkMGrbx85UQKp9phOhRU9Gv0E0O=w2048-h2048-k-no
337,https://lh3.googleusercontent.com/gps-cs-s/AG0ilSy9WOJRAR20arXTGL4thijY3hmr0zaQQPGxSwSnJGItvd3KCGOfSHeI7JPfh0Fdt6lznBZYx-HB-gtIxJl_7nK30fqoPyQCpTwvv_G9D_AWUbhkIriEdOCvo_mFgc5wTkGYdaYn=w2048-h2048-n-k-no
338,https://lh3.googleusercontent.com/p/AF1QipOdWeQfX4RvwzcTT6hX3IOzOca8kLkvBh_91mGl=w2048-h2048-k-no
338,https://lh3.googleusercontent.com/gps-cs-s/AG0ilSwPZ-9h4UX9wsRH2ZTx1G3zLYk66CIS1vJXod1EB-9q4sJJ3s7OZsFmhsl7_bwaVwifBNDt2V_RbmpanqkgBfw13ZVdFIfDofFx0_bFlKr5EqjhxKDfgedbDLbgA7FZHrMAhIPX-MWLHVU=w2048-h2048-k-no
338,https://lh3.googleusercontent.com/p/AF1QipPjT2gwJKzmhKGizfGIbVSslmokkbqoraQEGWJ1=w2048-h2048-k-no
339,https://lh3.googleusercontent.com/gps-cs-s/AG0ilSygJXyoB2jBzxuIWVqlWEgR0MhSHcrbiI2BOMtmlkrwoC_un1uFgo1tuOT9j390PRzn3Hwrh865FfiDpr2rmxGYmgng6l03dpOtsoQ_lXQ6w62QVifPAFBw6L3mQRJcbNF9OuKpB_7kudnV=w2048-h2048-k-no
339,https://lh3.googleusercontent.com/gps-cs-s/AG0ilSyyK93Nbyya8Y2LzZMqoXuYgrkCNruKDlUZruKWN-snpwwTNTnBW0vVndFiSUu6cMDjIsFOYZSFU8uYNo-icdsxIixQ1i0EvZV8lbEDylgWYFkNdKliEcQDcrljpUgq8FC1qdXq=w2048-h2048-k-no
339,https://lh3.googleusercontent.com/gps-cs-s/AG0ilSwW082GK80PCM75t9d4o_qG90i8Fp5tLhBY0vPMerKB3SNM0w-n6e15CkQwYNODYeIRtcvdPBwJwNxYLeWXOpEUPkVz9NF348r6ztsbpEZjhOT1mMyHzPP-pNb5YYMilNR79llAw5G0tnyr=w2048-h2048-k-no
340,https://lh3.googleusercontent.com/p/AF1QipM97zHLOTVSljR-R6wREA-4_6RXC1M_L_fC0m4b=w2048-h2048-k-no
340,https://lh3.googleusercontent.com/gps-cs-s/AG0ilSz92hFGj98k3WjarjX8A18kmppUiUfD9OiuncjA5ELmTvi5VFKMBMTx8DUKHoN0zt9rWCntH3qw3aFMPxWPkb5j7MHyw6GjMinvaQexKQ_WR2i-nM8y77pYoZnfplIOnRPWcNt696Viz9y2=w2048-h2048-k-no
340,https://lh3.googleusercontent.com/gps-cs-s/AG0ilSz_EAokbH6Rm7BJGCxVNwmYqGvham4cNNyBDxRLJXE7uk41Zah4sXIDvPi5ZP_fXHduiC7cBUBxPOj5jAgQBhTSRGemNRPuzr22BSXz5c0kZ8nfQ3vyzi41iUx2ACWrGonAAvmJJg=w2048-h2048-k-no
341,https://lh3.googleusercontent.com/gps-cs-s/AG0ilSysS0kRHzZyrZVhUg9cKQSlfhrtTHvJJvgzNUizqIyRLP0xN-nUqGW95aMzV6uCd0-JyvAep63eM4PzYxKPNS6XPex4twglUE3qHX44xhE5Q382lpueFS4XBxsxhHLW95ZO_hgO=w2048-h2048-k-no
341,https://lh3.googleusercontent.com/gps-cs-s/AG0ilSw0mdd3gYiAqNxeVAgtwYMpG3VL6RgQz_SYz6lwZk80vBJ0eF2ge_bwoAjLGS0wCThGo1cURtngFDj4EpGryMRzUdSmxjHHGjV2BCjlOkgdqloDwtmprcnGzc7mk5zGMLl5irrd=w2048-h2048-k-no
341,https://lh3.googleusercontent.com/gps-cs-s/AG0ilSxvleLp2z8QLxM8TalfsArp1kPi3s1C5v1YZoq8QctVSyn0yW5ICpt2rAQRAh43lbS0S627Voy06dYZvKftXcT0CjbQ1RSVvJn2UO_BFvij70naG9zbphxhKLb2WnMD9pTH91qM=w2048-h2048-k-no
342,https://lh3.googleusercontent.com/gps-cs-s/AG0ilSwPcWiRgaOopmCLAQQXDYTDgeOB-w5bybDSc9-HoIj2ZT87It-zYTfA2BwDjgW2MiohaPKHMR_8D6L7pmIpzlXGecZ_O_Oj3Mxir3cUSFwERDXcRln7wuOUYoEPgFCE-jNSJ5j4=w2048-h2048-k-no
342,https://lh3.googleusercontent.com/gps-cs-s/AG0ilSxlHVp1ban2oJaB1hgqC-Rw3IAZwo_hHHblr1xnkuQwz8YqpFLdj_xnrLTNp02GepJ1KE1JGtqhVpId3JwaM_W7wVUaBFkABiIwzyCQdjcgMkHeBKQNAFC_B56B_aD1DOLkhmQ7kjbDkaA=w2048-h2048-k-no
342,https://lh3.googleusercontent.com/gps-cs-s/AG0ilSwRn0Qf3kq3HaMDiJMo_aYI7pYFHhuo0McDmZgz7Oig9c8K9LXOVAuYCt3LiNNkcV5owmZo1wo81p1QUNj5kxNyGLZ6pFCPDtP8xzzEQNDkyGkbqLyYpF5jL8N4TOledDCdXgdnYpYCqt8j=w2048-h2048-k-no
343,https://lh3.googleusercontent.com/p/AF1QipN9uRvchayzOJnEkOFl9aiigIYcm-tIk2dXqgWC=w2048-h2048-k-no
343,https://lh3.googleusercontent.com/gps-cs-s/AG0ilSw9sLQTVwffUtwov9N-rw-fi4p8HIaSssdXL1wrw4ic_otHjMRijpDJAVLUXitzd3XC4w7zX_X21G5tSId8nJqjInjVizaYiQMv-MkZb2W7GiusnNd4HloG6Nyaz5JEfSbWVZStjdLk6TY=w2048-h2048-k-no
343,https://lh3.googleusercontent.com/gps-cs-s/AG0ilSzImGH-7pIlS5eWOeyko-4lfUi3ZVje_pE0ELY-y2UD9-TPd21E8cKwRgoTn1G5M30z0UGZ2HDcfdxe0WdSXepI_dNpBn8oIQsFe8vDkyWODS3PVH01x9BIDVvPGOwZuJLh7rc3Nj3bze0=w2048-h2048-k-no
344,https://lh3.googleusercontent.com/p/AF1QipOE0WUCgdiHFvO24FU_wAFyJPGefDdHPn0erniI=w2048-h2048-k-no
344,https://lh3.googleusercontent.com/p/AF1QipPj-wlhjrwSCOKQ5rhPydksoBB7lKD_YQ-PHRa-=w2048-h2048-k-no
344,https://lh3.googleusercontent.com/p/AF1QipNjsCVw-BI8-iZC4PUG7QA_NVxyxN6z2HkNUSJ1=w2048-h2048-k-no
345,https://lh3.googleusercontent.com/p/AF1QipNsgZHgrF-Vn-yCrOl0qnVLR5WbCIkNWpcpZoql=w2048-h2048-k-no
345,https://lh3.googleusercontent.com/p/AF1QipOPnwivQxM9aPMJgvKf9F_R452nTUWCf3AfbAAr=w2048-h2048-k-no
345,https://lh3.googleusercontent.com/p/AF1QipO_DEuY4HG4JUYf0FukKtJzyqetUbwR4syFQ4zx=w2048-h2048-k-no
346,https://lh3.googleusercontent.com/p/AF1QipOI48ry8KViEiJJnq8AzNbHPzBl-d7DiGdwphyh=w2048-h2048-k-no
346,https://lh3.googleusercontent.com/p/AF1QipP6S6VQRCsL3O4oTHa4IajWawywaL_b03Ax545U=w2048-h2048-k-no
346,https://lh3.googleusercontent.com/gps-cs-s/AG0ilSxlWbIjCXInauoEfEcj0Q_bfGFZAblOpm-nBUOvaVn4GfgzDx_riCyHU8fBEY7q92etHd1ATyxq2x7m5oEEexEWoY6aluqLdtNpTz8Ngqg-PlaNvXYGWwI6JlWkKL75S7sb55W2lA=w2048-h2048-k-no
347,https://lh3.googleusercontent.com/gps-cs-s/AG0ilSwaqqEOxM3aX2Ukcp0kpgdVKXjNKAgnCYj6c58R_1o9RUXZNyah4qXmAfZf1nk6sMHq8C5KG42kTO2dTxKwIJy9zxCRtIc8pzGVAPFo-O8homMOpyUPIVigduZFT5SsXw4Kx35w=w2048-h2048-k-no
347,https://lh3.googleusercontent.com/gps-cs-s/AG0ilSxjjhQClWksyZg_0WeLvvFGTzjTTh2XefrtF3sBd46ckwuP6P05q9b-bJK00YziHdIAIuVvkBzvgTQnvzBSlRe83bZRgUUU4FF3wJT6RxMhx4lKdJHM8GPzoQywJ-tgwo_sNDGoLzSTxMQH=w2048-h2048-k-no
347,https://lh3.googleusercontent.com/gps-cs-s/AG0ilSzB6WzhN8O4wNQ3pPDjeej-l40EIwCiFUhOUaURngb0CfpA0ql-BlzJITBJBCM1cvTjrHmBXWDeKcygo-ba-n-s9jCpRaZgSy3wq2EdiPWZhlAvZD65fpezbimK2xsLepJ81JyiuT6qMrE=w2048-h2048-k-no
348,https://lh3.googleusercontent.com/p/AF1QipMtli-tSUg_S4a5DN4gZnFh1nLqP_67EsFmfNl4=w2048-h2048-k-no
348,https://lh3.googleusercontent.com/gps-cs-s/AG0ilSwJINfZojFT8MU5jIuuNxIPaDUzV8yhRmwRfsaVwQSeVfqwcstSiO9UsWabtrFqKKf9AgdxAScZkwG3eV7ejuEFipKqb3ZZAPMPEV5AzriR-O0CdgAA_SzNn7lCgGeV0QWAW7KOTQ=w2048-h2048-k-no
348,https://lh3.googleusercontent.com/gps-cs-s/AG0ilSxR4ohHa97dy158YRnKyTcAsKnWzb-7Cp_EL5OF28c5WtTdcmGidmadZ18V0HZmBgMn2zWVY59iioJ7l-ac7dIfAtrepqqkXt_bsvIJAFwox3X0SJshVFhzl7kLS9Ncc6OtRQpS=w2048-h2048-n-k-no
349,https://lh3.googleusercontent.com/gps-cs-s/AG0ilSxWGEBz_EOEEEozQaSm7M3QvOPEHHB8-yUQe6But8kMU8nI4SEDhvU037KYyJT0ix7KxYeFkhqevRZZp7iR15n8DwBbLBYEqGyrlcEA9-UuUXNnXrtfRp3ROhwoJjXw8vP95LMGgC-fwaE=w2048-h2048-k-no
349,https://lh3.googleusercontent.com/p/AF1QipO_a3WTp7gtdRcSmvYat4rDW9CMjmYEvaEfWI0Y=w2048-h2048-k-no
349,https://lh3.googleusercontent.com/gps-cs-s/AG0ilSzLVJXENT47q1U5l_jdvCMi9xPo0QHAQg6hDkzHxEs6hk6OMX_CDyM5PEFa9qoCQwl9rzfjHrz_FFKuYcwyD1HlH9hYPFeQcP6C25wXKyamwDejwfmM-EpJUqXKNIHbEZatdck4E8K66mI=w2048-h2048-k-no
350,https://lh3.googleusercontent.com/gps-cs-s/AG0ilSwoyZurB_dJO2IZPH0OudOSi5ZUS5eHGB1FjbsG0lrkSXcx5lRdvO12tjn1fxdOcKfEX1v-Sqocc30E6S-pBSPfJJ2k-YCzpKfgCiMllVjoEF97XdSW2-KIKuB66N7IuXoUYwurSiDUCl8=w2048-h2048-k-no
350,https://lh3.googleusercontent.com/p/AF1QipMbx7GDKFWQF775Im0guXCnAKGqCYc0UmrsytgV=w2048-h2048-k-no
350,https://lh3.googleusercontent.com/gps-cs-s/AG0ilSwNdpCR-gYf81RoxwXYjZcdPQ2sLKm7IA12j0CRzW9lC1jGGvm7J5zvRmYXq3N0WZXbEahwI2XStHJn_K4rIp1cf3_dbBD4xNF6BzQCiAuNAtNLezA1QmJGxgLraTDmF0-r2c7Ddiv65s43=w2048-h2048-k-no
351,https://lh3.googleusercontent.com/gps-cs-s/AG0ilSz7M-W7bcqK0D3HJ0uaO9mK1tPwlS_YooCmfFmcz_tPvFsFt5edkQSCGnxo3ve5FNraNh43ODheeJmaJqkGiVBFrug9rDyQEzSqNgoMuP71iQ8h4rNXz5_Xqx0KTshuRnccp7w=w2048-h2048-k-no
351,https://lh3.googleusercontent.com/gps-cs-s/AG0ilSxnT7tYJfvbrKAA5Xju7COZppOgE9EhKxS4d4wU3V2XIvpyH_aFpKVZEobiAVo-l0-vGtr2Ml2NZysMAL2KbOwRHLgf3vqHpFuU3IHcQ2bYbF_3AY00QGy6rjX0jLiJQM9nJPwn9w=w2048-h2048-k-no
351,https://lh3.googleusercontent.com/gps-cs-s/AG0ilSxjEGwgZLkkYd3IbR0MjIXCtP3PM5wbwj0-3KC2cfEelXK79XhvLntJr82UMB_qDbWGl8X14Nk5YGHii3euOSYOO44BfJw5-8ttcSxYWZ6nVV8xpjzJgRETD-0ec0DzuYSE5UXpOsEKFfw=w2048-h2048-k-no
352,https://lh3.googleusercontent.com/p/AF1QipNgYzSKPcrjLMm4SuVOiPBN4YRof-Vpc6Uohluy=w2048-h2048-k-no
352,https://lh3.googleusercontent.com/p/AF1QipP7iYWyxIiy6LOOOyx8tPVVivUb2558z84HpJA8=w2048-h2048-k-no
352,https://lh3.googleusercontent.com/gps-cs-s/AG0ilSwXiVbeamc6W2IgJTkn-npYLx2zaohz4qTq0I-m1PoeJM3Aq4w7_aNh-AwWpIFKU4IjmN8MKp__hSGvuC641dAh1_CiYACrLDLT3KrNo8N4D5JimhkRNKF_aByy7TJdGdqMBi1jvi_ci0M0=w2048-h2048-k-no
353,https://lh3.googleusercontent.com/gps-cs-s/AG0ilSzUS2BEpUwtT5okHwUuhhtl8Q0Ak0Uy2IoSKPioNVdwGAbRMfVkmBtghofie-ieAJp93HDfWW2eEkhrtVH0wtuuRfM44nZtKtWDtawJx_CfgIRHpNKnQ7yVICLVRatsgTwUgHlYnA=w2048-h2048-k-no
353,https://lh3.googleusercontent.com/gps-cs-s/AG0ilSzVrIlHLT0vegeKNkTPqGTHcLJyhzz9Fnnd1tVY_Z0u7RU1apDAXl_6GG3maWRoe_4IyAxT41fm04qC3P3l0oogddqFH8kL7IOcFQzAVuRIFMNf4qZVXHosGTVB9mpFBJC36Yyb=w2048-h2048-k-no
353,https://lh3.googleusercontent.com/gps-cs-s/AG0ilSy7ho5VjoHKzF2aXM50Y14FJM9u60-oYogbb90C6_JwiecchqtfxLFs0Z_eGxX9qZFnGFi4u0l7GBWu1pRe4zhC4BULucJYeYtiZt4DmXLW61in040ZosZ-3gtueJZHTaEGcOduQRGyib0=w2048-h2048-k-no
354,https://lh3.googleusercontent.com/gps-cs-s/AG0ilSwSuVItb8pGoUj9CBq5rmH91SykaCk6t5GaUdiolC40Pisd87TgcaIgU9OMP1-_NyYMrCk2e7NYRPQoDcyxJwg2KfyxcYUmFbGPiIeTFSUNeetAEwyKYtsBdYwpURSgvcIbJhBMvg=w2048-h2048-k-no
354,https://lh3.googleusercontent.com/gps-cs-s/AG0ilSzbE1WpZf9W8GgvgTMPEd_yoe5I4UfHG9idSHasVSmVSWIVxz9PnqFrrob802NibmNN9bHK4w5IREtd_-fTGySd4pMSnPYDgLZvn1J7IDElCYMhNL27WXRBVqr62d20vw5tlUII=w2048-h2048-n-k-no
354,https://lh3.googleusercontent.com/gps-cs-s/AG0ilSzhGns6276h2YqLj_dMFfHQ58GXB6WI3IWcmAfeszOuzMLvUPbtT-g8Q-25DuMgkXBaek33kuWrrdEj635Y7acr8gxYkS4ABlmWFtg1JqCk3NX-5hf9pkmI6abdNILKFieKqPY=w2048-h2048-k-no
355,https://lh3.googleusercontent.com/gps-cs-s/AG0ilSxjcm0IzAjacjzY7jTl-YQLIqC3BxTJFNDV2Ed5hqlaOAzveOMkBw3UuA5Whny7Tz2qlPOktngkggs2UAF3-DsrQtJCxec_aU8IFyu6avCUlPiUeLBjMUVlA1p41U8CVauaQfvl=w2048-h2048-k-no
355,https://lh3.googleusercontent.com/p/AF1QipOMHTvv8xgzF94aB8OKtFwJra3lCQF7x-ZLe2MJ=w2048-h2048-k-no
355,https://lh3.googleusercontent.com/p/AF1QipMJBLJqZ3avdtdwrC7zN7Weol9PjZY7nuj1e_zA=w2048-h2048-k-no