id,username,email,password,total_point,avatar_url,dob,gender,phone
1,thuy.duong88,thuy.duong88@example.com,pass_D9X3G,1523,https://velle.vn/wp-content/uploads/2025/04/avatar-mac-dinh-4.jpg,1993-05-12,Female,0912123456
2,nam_hoang99,nam_hoang99@example.com,pass_A1R7K,387,https://velle.vn/wp-content/uploads/2025/04/avatar-mac-dinh-4.jpg,1985-11-20,Male,0903987654
3,trang.nguyen.a,trang.nguyen.a@example.com,pass_B4T0L,9405,https://velle.vn/wp-content/uploads/2025/04/avatar-mac-dinh-4.jpg,2001-01-01,Female,0868112233
4,minh_duc_vn,minh_duc_vn@example.com,pass_C5P6M,2112,https://velle.vn/wp-content/uploads/2025/04/avatar-mac-dinh-4.jpg,1978-08-25,Male,0977456789
5,anh.tuan.b,anh.tuan.b@example.com,pass_F8E2N,550,https://velle.vn/wp-content/uploads/2025/04/avatar-mac-dinh-4.jpg,1997-03-17,Male,0899665544
6,linh.pham77,linh.pham77@example.com,pass_G0S9J,11025,https://velle.vn/wp-content/uploads/2025/04/avatar-mac-dinh-4.jpg,1989-10-05,Female,0919234567
7,quang_huy_c,quang_huy_c@example.com,pass_H2U1Z,45,https://velle.vn/wp-content/uploads/2025/04/avatar-mac-dinh-4.jpg,2003-12-30,Male,0388765432
8,mai.loan.d,mai.loan.d@example.com,pass_J6Y4X,7890,https://velle.vn/wp-content/uploads/2025/04/avatar-mac-dinh-4.jpg,1980-06-14,Female,0962345678
9,duy_khang_e,duy_khang_e@example.com,pass_K3W5V,120,https://velle.vn/wp-content/uploads/2025/04/avatar-mac-dinh-4.jpg,1995-09-03,Male,0908101214
10,phuong.thao.f,phuong.thao.f@example.com,pass_L7Q8R,3540,https://velle.vn/wp-content/uploads/2025/04/avatar-mac-dinh-4.jpg,1991-04-28,Female,0979556677
11,van.anh.g,van.anh.g@example.com,pass_M1N2O,6500,https://velle.vn/wp-content/uploads/2025/04/avatar-mac-dinh-4.jpg,1983-02-19,Female,0888901234
12,tien_dat_h,tien_dat_h@example.com,pass_P4S3T,188,https://velle.vn/wp-content/uploads/2025/04/avatar-mac-dinh-4.jpg,2000-07-07,Male,0356789012
13,huong.giang.i,huong.giang.i@example.com,pass_R9U0V,9999,https://velle.vn/wp-content/uploads/2025/04/avatar-mac-dinh-4.jpg,1975-12-10,Female,0945678901
14,viet_anh_j,viet_anh_j@example.com,pass_S2W1X,410,https://velle.vn/wp-content/uploads/2025/04/avatar-mac-dinh-4.jpg,1992-05-01,Male,0934567890
15,lan.huong.k,lan.huong.k@example.com,pass_T5Y7Z,13000,https://velle.vn/wp-content/uploads/2025/04/avatar-mac-dinh-4.jpg,1987-09-22,Female,0981123456
16,thanh.long.l,thanh.long.l@example.com,pass_U8A3B,77,https://velle.vn/wp-content/uploads/2025/04/avatar-mac-dinh-4.jpg,2004-03-08,Male,0377889900
17,ngoc.hien.m,ngoc.hien.m@example.com,pass_V0C6D,5120,https://velle.vn/wp-content/uploads/2025/04/avatar-mac-dinh-4.jpg,1981-01-27,Female,0915432109
18,huy_phong_n,huy_phong_n@example.com,pass_W9F5G,1900,https://velle.vn/wp-content/uploads/2025/04/avatar-mac-dinh-4.jpg,1998-06-16,Male,0905678901
19,diem.my.o,diem.my.o@example.com,pass_X2H7I,100,https://velle.vn/wp-content/uploads/2025/04/avatar-mac-dinh-4.jpg,1979-11-09,Female,0866543210
20,gia_bao_p,gia_bao_p@example.com,pass_Y4J8K,8888,https://velle.vn/wp-content/uploads/2025/04/avatar-mac-dinh-4.jpg,1994-04-04,Male,0973141516
21,my.linh.q,my.linh.q@example.com,pass_Z1L0M,30,https://velle.vn/wp-content/uploads/2025/04/avatar-mac-dinh-4.jpg,2002-09-18,Female,0916272829
22,thanh_tung_r,thanh_tung_r@example.com,pass_A3D5E,6750,https://velle.vn/wp-content/uploads/2025/04/avatar-mac-dinh-4.jpg,1986-07-29,Male,0901234567
23,mai.anh.s,mai.anh.s@example.com,pass_B6F8G,250,https://velle.vn/wp-content/uploads/2025/04/avatar-mac-dinh-4.jpg,1999-02-11,Female,0983112233
24,quoc.viet.t,quoc.viet.t@example.com,pass_C9H0I,1400,https://velle.vn/wp-content/uploads/2025/04/avatar-mac-dinh-4.jpg,1977-10-24,Male,0948556677
25,kieu.oanh.u,kieu.oanh.u@example.com,pass_D2J1K,11500,https://velle.vn/wp-content/uploads/2025/04/avatar-mac-dinh-4.jpg,1996-05-09,Female,0399445566
26,hoang.phu.v,hoang.phu.v@example.com,pass_E5L3M,5,https://velle.vn/wp-content/uploads/2025/04/avatar-mac-dinh-4.jpg,1984-01-06,Male,0917654321
27,y.van.w,y.van.w@example.com,pass_F8N4O,7200,https://velle.vn/wp-content/uploads/2025/04/avatar-mac-dinh-4.jpg,2005-08-15,Female,0906889900
28,duy_anh_x,duy_anh_x@example.com,pass_G1P6Q,300,https://velle.vn/wp-content/uploads/2025/04/avatar-mac-dinh-4.jpg,1982-03-02,Male,0971234567
29,kim.ngan.y,kim.ngan.y@example.com,pass_H4R7S,15000,https://velle.vn/wp-content/uploads/2025/04/avatar-mac-dinh-4.jpg,1990-12-25,Female,0886789012
30,the.vinh.z,the.vinh.z@example.com,pass_J7T9U,60,https://velle.vn/wp-content/uploads/2025/04/avatar-mac-dinh-4.jpg,1976-06-21,Male,0369123456
31,nguyet.anh.1,nguyet.anh.1@example.com,pass_K0V2W,4500,https://velle.vn/wp-content/uploads/2025/04/avatar-mac-dinh-4.jpg,1993-09-14,Female,0949345678
32,minh_hieu_2,minh_hieu_2@example.com,pass_L3X4Y,111,https://velle.vn/wp-content/uploads/2025/04/avatar-mac-dinh-4.jpg,1988-04-07,Male,0938567890
33,thao.van.3,thao.van.3@example.com,pass_M6Z5A,9100,https://velle.vn/wp-content/uploads/2025/04/avatar-mac-dinh-4.jpg,2001-10-29,Female,0987101214
34,long.hai.4,long.hai.4@example.com,pass_N9B7C,20,https://velle.vn/wp-content/uploads/2025/04/avatar-mac-dinh-4.jpg,1974-05-18,Male,0869456789
35,nhu.quynh.5,nhu.quynh.5@example.com,pass_P2D8E,5500,https://velle.vn/wp-content/uploads/2025/04/avatar-mac-dinh-4.jpg,1997-01-03,Female,0913223344
36,hoang.lam.6,hoang.lam.6@example.com,pass_Q5F0G,1700,https://velle.vn/wp-content/uploads/2025/04/avatar-mac-dinh-4.jpg,1985-07-26,Male,0904778899
37,yen.nhi.7,yen.nhi.7@example.com,pass_R8H1I,12000,https://velle.vn/wp-content/uploads/2025/04/avatar-mac-dinh-4.jpg,2003-04-13,Female,0898556677
38,tuan.khoi.8,tuan.khoi.8@example.com,pass_S1J3K,400,https://velle.vn/wp-content/uploads/2025/04/avatar-mac-dinh-4.jpg,1980-11-05,Male,0333445566
39,phuong.anh.9,phuong.anh.9@example.com,pass_T4L5M,7800,https://velle.vn/wp-content/uploads/2025/04/avatar-mac-dinh-4.jpg,1995-06-30,Female,0946789012
40,bach.duong.10,bach.duong.10@example.com,pass_U7N6O,90,https://velle.vn/wp-content/uploads/2025/04/avatar-mac-dinh-4.jpg,1991-02-23,Male,0988234567
41,chi.mai.11,chi.mai.11@example.com,pass_V0P8Q,13500,https://velle.vn/wp-content/uploads/2025/04/avatar-mac-dinh-4.jpg,1983-10-16,Female,0918345678
42,duc.thang.12,duc.thang.12@example.com,pass_W3R9S,210,https://velle.vn/wp-content/uploads/2025/04/avatar-mac-dinh-4.jpg,2000-08-27,Male,0321456789
43,hong.van.13,hong.van.13@example.com,pass_X6T0U,4999,https://velle.vn/wp-content/uploads/2025/04/avatar-mac-dinh-4.jpg,1975-03-19,Female,0907112233
44,hoang.minh.14,hoang.minh.14@example.com,pass_Y9V2W,50,https://velle.vn/wp-content/uploads/2025/04/avatar-mac-dinh-4.jpg,1992-12-04,Male,0974567890
45,thuy.tien.15,thuy.tien.15@example.com,pass_Z2X4Y,8000,https://velle.vn/wp-content/uploads/2025/04/avatar-mac-dinh-4.jpg,1987-06-08,Female,0889667788
46,quoc.dat.16,quoc.dat.16@example.com,pass_A5Z6B,1600,https://velle.vn/wp-content/uploads/2025/04/avatar-mac-dinh-4.jpg,2004-11-21,Male,0914889900
47,ha.phuong.17,ha.phuong.17@example.com,pass_B8C8D,1000,https://velle.vn/wp-content/uploads/2025/04/avatar-mac-dinh-4.jpg,1981-09-01,Female,0909556677
48,phuong.nam.18,phuong.nam.18@example.com,pass_C1E0F,18,https://velle.vn/wp-content/uploads/2025/04/avatar-mac-dinh-4.jpg,1998-04-10,Male,0389101214
49,ngoc.trinh.19,ngoc.trinh.19@example.com,pass_D4G2H,6300,https://velle.vn/wp-content/uploads/2025/04/avatar-mac-dinh-4.jpg,1979-07-23,Female,0867456789
50,anh.khoa.20,anh.khoa.20@example.com,pass_E7I3J,330,https://velle.vn/wp-content/uploads/2025/04/avatar-mac-dinh-4.jpg,1994-01-15,Male,0972667788
51,cam.ly.21,cam.ly.21@example.com,pass_F0K5L,14500,https://velle.vn/wp-content/uploads/2025/04/avatar-mac-dinh-4.jpg,2002-05-06,Female,0911778899
52,duy.hung.22,duy.hung.22@example.com,pass_G3M6N,85,https://velle.vn/wp-content/uploads/2025/04/avatar-mac-dinh-4.jpg,1986-08-18,Male,0902556677
53,thanh.nga.23,thanh.nga.23@example.com,pass_H6O8P,5900,https://velle.vn/wp-content/uploads/2025/04/avatar-mac-dinh-4.jpg,1999-03-29,Female,0398112233
54,viet.cuong.24,viet.cuong.24@example.com,pass_J9Q0R,2800,https://velle.vn/wp-content/uploads/2025/04/avatar-mac-dinh-4.jpg,1977-12-07,Male,0947234567
55,xuan.thu.25,xuan.thu.25@example.com,pass_K2S1T,1100,https://velle.vn/wp-content/uploads/2025/04/avatar-mac-dinh-4.jpg,1996-10-26,Female,0986567890
56,nguyen.vu.26,nguyen.vu.26@example.com,pass_L5U3V,12,https://velle.vn/wp-content/uploads/2025/04/avatar-mac-dinh-4.jpg,1984-02-14,Male,0915678901
57,ngoc.lan.27,ngoc.lan.27@example.com,pass_M8W4X,8500,https://velle.vn/wp-content/uploads/2025/04/avatar-mac-dinh-4.jpg,2005-09-02,Female,0908765432
58,thanh.hai.28,thanh.hai.28@example.com,pass_N1Y6Z,450,https://velle.vn/wp-content/uploads/2025/04/avatar-mac-dinh-4.jpg,1982-05-24,Male,0978345678
59,mai.phuong.29,mai.phuong.29@example.com,pass_P4A7B,15500,https://velle.vn/wp-content/uploads/2025/04/avatar-mac-dinh-4.jpg,1990-01-31,Female,0887101214
60,quang.huy.30,quang.huy.30@example.com,pass_Q7C9D,70,https://velle.vn/wp-content/uploads/2025/04/avatar-mac-dinh-4.jpg,1976-08-11,Male,0368567890
61,anh.dao.31,anh.dao.31@example.com,pass_R0E1F,4200,https://velle.vn/wp-content/uploads/2025/04/avatar-mac-dinh-4.jpg,1993-11-28,Female,0943223344
62,hong.phuc.32,hong.phuc.32@example.com,pass_S3G3H,130,https://velle.vn/wp-content/uploads/2025/04/avatar-mac-dinh-4.jpg,1988-06-19,Male,0937445566
63,kieu.trinh.33,kieu.trinh.33@example.com,pass_T6I5J,9300,https://velle.vn/wp-content/uploads/2025/04/avatar-mac-dinh-4.jpg,2001-03-05,Female,0982778899
64,thanh.dat.34,thanh.dat.34@example.com,pass_U9K7L,30,https://velle.vn/wp-content/uploads/2025/04/avatar-mac-dinh-4.jpg,1974-07-09,Male,0864123456
65,phuong.linh.35,phuong.linh.35@example.com,pass_V2M8N,5300,https://velle.vn/wp-content/uploads/2025/04/avatar-mac-dinh-4.jpg,1997-09-08,Female,0916456789
66,bao.long.36,bao.long.36@example.com,pass_W5O0P,1800,https://velle.vn/wp-content/uploads/2025/04/avatar-mac-dinh-4.jpg,1985-10-03,Male,0905987654
67,minh.nguyet.37,minh.nguyet.37@example.com,pass_X8Q1R,12500,https://velle.vn/wp-content/uploads/2025/04/avatar-mac-dinh-4.jpg,2003-06-25,Female,0899112233
68,hoai.nam.38,hoai.nam.38@example.com,pass_Y1S3T,220,https://velle.vn/wp-content/uploads/2025/04/avatar-mac-dinh-4.jpg,1980-04-17,Male,0977889900
69,thanh.huong.39,thanh.huong.39@example.com,pass_Z4U4V,7500,https://velle.vn/wp-content/uploads/2025/04/avatar-mac-dinh-4.jpg,1995-12-12,Female,0388123456
70,duy.minh.40,duy.minh.40@example.com,pass_A7W6X,95,https://velle.vn/wp-content/uploads/2025/04/avatar-mac-dinh-4.jpg,1991-08-01,Male,0945101214
71,ngoc.anh.41,ngoc.anh.41@example.com,pass_B0Y7Z,1300,https://velle.vn/wp-content/uploads/2025/04/avatar-mac-dinh-4.jpg,1983-05-10,Female,0934789012
72,tien.dat.42,tien.dat.42@example.com,pass_C3A9B,3800,https://velle.vn/wp-content/uploads/2025/04/avatar-mac-dinh-4.jpg,2000-01-22,Male,0981901234
73,huyen.trang.43,huyen.trang.43@example.com,pass_D6C0D,600,https://velle.vn/wp-content/uploads/2025/04/avatar-mac-dinh-4.jpg,1975-10-15,Female,0888112233
74,viet.hung.44,viet.hung.44@example.com,pass_E9E2F,8900,https://velle.vn/wp-content/uploads/2025/04/avatar-mac-dinh-4.jpg,1992-07-06,Male,0979889900
75,kim.anh.45,kim.anh.45@example.com,pass_F2G3H,10,https://velle.vn/wp-content/uploads/2025/04/avatar-mac-dinh-4.jpg,1987-03-01,Female,0919123456
76,hoang.thinh.46,hoang.thinh.46@example.com,pass_G5I5J,4800,https://velle.vn/wp-content/uploads/2025/04/avatar-mac-dinh-4.jpg,2004-09-11,Male,0903876543
77,thuy.duong.47,thuy.duong.47@example.com,pass_H8K6L,170,https://velle.vn/wp-content/uploads/2025/04/avatar-mac-dinh-4.jpg,1981-06-20,Female,0868234567
78,nam.khang.48,nam.khang.48@example.com,pass_J1M8N,9500,https://velle.vn/wp-content/uploads/2025/04/avatar-mac-dinh-4.jpg,1998-11-04,Male,0977123456
79,trang.ngoc.49,trang.ngoc.49@example.com,pass_K4O9P,50,https://velle.vn/wp-content/uploads/2025/04/avatar-mac-dinh-4.jpg,1979-02-27,Female,0948901234
80,minh.vu.50,minh.vu.50@example.com,pass_L7Q0R,11000,https://velle.vn/wp-content/uploads/2025/04/avatar-mac-dinh-4.jpg,1994-06-13,Male,0938112233
81,anh.hong.51,anh.hong.51@example.com,pass_M0S2T,320,https://velle.vn/wp-content/uploads/2025/04/avatar-mac-dinh-4.jpg,2002-12-09,Female,0889234567
82,linh.son.52,linh.son.52@example.com,pass_N3U4V,4600,https://velle.vn/wp-content/uploads/2025/04/avatar-mac-dinh-4.jpg,1986-09-24,Male,0971567890
83,my.hanh.53,my.hanh.53@example.com,pass_P6W6X,15,https://velle.vn/wp-content/uploads/2025/04/avatar-mac-dinh-4.jpg,1999-05-16,Female,0917789012
84,quang.thang.54,quang.thang.54@example.com,pass_Q9Y7Z,7100,https://velle.vn/wp-content/uploads/2025/04/avatar-mac-dinh-4.jpg,1977-01-08,Male,0399890123
85,kieu.anh.55,kieu.anh.55@example.com,pass_R2A9B,2500,https://velle.vn/wp-content/uploads/2025/04/avatar-mac-dinh-4.jpg,1996-03-03,Female,0906543210
86,hoang.phuoc.56,hoang.phuoc.56@example.com,pass_S5C0D,80,https://velle.vn/wp-content/uploads/2025/04/avatar-mac-dinh-4.jpg,1984-12-29,Male,0978901234
87,yen.linh.57,yen.linh.57@example.com,pass_T8E2F,14000,https://velle.vn/wp-content/uploads/2025/04/avatar-mac-dinh-4.jpg,2005-04-21,Female,0886567890
88,tuan.anh.58,tuan.anh.58@example.com,pass_U1G3H,410,https://velle.vn/wp-content/uploads/2025/04/avatar-mac-dinh-4.jpg,1982-10-14,Male,0949789012
89,phuong.nga.59,phuong.nga.59@example.com,pass_V4I5J,650,https://velle.vn/wp-content/uploads/2025/04/avatar-mac-dinh-4.jpg,1990-07-27,Female,0937101214
90,the.anh.60,the.anh.60@example.com,pass_W7K6L,16000,https://velle.vn/wp-content/uploads/2025/04/avatar-mac-dinh-4.jpg,1976-04-05,Male,0982567890
91,nguyet.minh.61,nguyet.minh.61@example.com,pass_X0M8N,3500,https://velle.vn/wp-content/uploads/2025/04/avatar-mac-dinh-4.jpg,1993-01-07,Female,0864789012
92,minh.tri.62,minh.tri.62@example.com,pass_Y3O9P,100,https://velle.vn/wp-content/uploads/2025/04/avatar-mac-dinh-4.jpg,1988-12-02,Male,0916789012
93,thao.ngan.63,thao.ngan.63@example.com,pass_Z6Q1R,9800,https://velle.vn/wp-content/uploads/2025/04/avatar-mac-dinh-4.jpg,2001-07-24,Female,0905112233
94,long.an.64,long.an.64@example.com,pass_A9S3T,40,https://velle.vn/wp-content/uploads/2025/04/avatar-mac-dinh-4.jpg,1974-03-16,Male,0899456789
95,nhu.y.65,nhu.y.65@example.com,pass_B2U4V,5200,https://velle.vn/wp-content/uploads/2025/04/avatar-mac-dinh-4.jpg,1997-06-28,Female,0977567890
96,hoang.phu.66,hoang.phu.66@example.com,pass_C5W6X,1900,https://velle.vn/wp-content/uploads/2025/04/avatar-mac-dinh-4.jpg,1985-02-09,Male,0948345678
97,yen.my.67,yen.my.67@example.com,pass_D8Y8Z,12800,https://velle.vn/wp-content/uploads/2025/04/avatar-mac-dinh-4.jpg,2003-01-18,Female,0937789012
98,tuan.hai.68,tuan.hai.68@example.com,pass_E1A0B,200,https://velle.vn/wp-content/uploads/2025/04/avatar-mac-dinh-4.jpg,1980-09-06,Male,0982123456
99,phuong.chi.69,phuong.chi.69@example.com,pass_F4C2D,7900,https://velle.vn/wp-content/uploads/2025/04/avatar-mac-dinh-4.jpg,1995-04-25,Female,0864567890
100,bach.khoa.70,bach.khoa.70@example.com,pass_G7E3F,110,https://velle.vn/wp-content/uploads/2025/04/avatar-mac-dinh-4.jpg,1991-11-13,Male,0916901234